审核状态,上次审核时间,上次审核人,审核结果,审核意见,当前审核环节,当前审核人,推送状态,财务审核时间,财务返回单号,汇总单编码,缴费单编码,所属地市,所属区县,报账点编码,报账点名称,报账点类型,报账点计量倍数,合同编码,合同名称,购电方式,供电类型,电损计算方式,缴费申请日期,缴费期始,缴费期终,缴费天数,日均耗电量,不含税平均单价,实际分摊比例,实际电费税率（单位：%）,实际不含税电费金额,实际电费税金,实际价款,实际税金,实际报账金额,系统计算金额,实际总耗电量,数据来源,录入人,报账人三费账号,报账人工号,报账人SMAP账号,所属部门,所属成本中心,所属成本中心名称,票据类型,报账单类型,业务大类,业务小类,业务活动,市场段,产品段,实际普服金额比例(%),异常情况,标杆是否超标,历史电费标杆-同比,历史电费标杆-环比,历史日均电量标杆-同比,历史日均电量标杆-环比,额定功率标杆,智能电表标杆(动环),智能电表标杆(集采),动环负载标杆,平峰谷按总量录入均价标杆,关键字,必填备注,备注类型1,备注1,备注类型2,备注2,备注类型3,备注3,备注类型4,备注4,备注类型5,备注5,其他费用名称1,票据类型1,价款1,税率1,税金1,含税金额1,其他电量1,业务大类1,业务小类1,业务活动1,市场段1,产品段1,其他费用名称2,票据类型2,价款2,税率2,税金2,含税金额2,其他电量2,业务大类2,业务小类2,业务活动2,市场段2,产品段2,其他费用名称3,票据类型3,价款3,税率3,税金3,含税金额3,其他电量3,业务大类3,业务小类3,业务活动3,市场段3,产品段3,其他费用名称4,票据类型4,价款4,税率4,税金4,含税金额4,其他电量4,业务大类4,业务小类4,业务活动4,市场段4,产品段4,其他费用名称5,票据类型5,价款5,税率5,税金5,含税金额5,其他电量5,业务大类5,业务小类5,业务活动5,市场段5,产品段5,其他费用名称6,票据类型6,价款6,税率6,税金6,含税金额6,其他电量6,业务大类6,业务小类6,业务活动6,市场段6,产品段6,其他费用名称7,票据类型7,价款7,税率7,税金7,含税金额7,其他电量7,业务大类7,业务小类7,业务活动7,市场段7,产品段7,其他费用名称8,票据类型8,价款8,税率8,税金8,含税金额8,其他电量8,业务大类8,业务小类8,业务活动8,市场段8,产品段8,其他费用名称9,票据类型9,价款9,税率9,税金9,含税金额9,其他电量9,业务大类9,业务小类9,业务活动9,市场段9,产品段9,其他费用名称10,票据类型10,价款10,税率10,税金10,含税金额10,其他电量10,业务大类10,业务小类10,业务活动10,市场段10,产品段10,是否为首单
审核通过,2026-07-23,刘莹,通过,,-,-,-,-,-,-,JFZDPT-JS-20260713-07723,泰州,姜堰区,ZDBZD-JS-2024-059889,张甸角钢塔,铁塔电费报账点,1,"ZDGH-JS-2018-020262	",铁塔直供电电费（姜堰）,后付费,直供电,-,2026-07-13,2026-06-01,2026-06-30,30,64.95,0.593284,88.71,13,1155.93,150.27,1155.93,150.27,1306.2,1306.2,1948.36,-,杨承宗,macheng,23135902,macheng@js.cmcc,,"302332104000	",泰州姜堰分公司,增值税专票,三费费用批量报账单,能源使用费,网络电费,网络电费-铁塔公司站点-基站-直供电费,无,无,0,-,是,,,150.87%,否,否,-,-,,,-,,-,-,-,-,-,-,-,-,-,-,-,-,-,-,-,-,-,-,-,-,-,-,-,-,-,-,-,-,-,-,-,-,-,-,-,-,-,-,-,-,-,-,-,-,-,-,-,-,-,-,-,-,-,-,-,-,-,-,-,-,-,-,-,-,-,-,-,-,-,-,-,-,-,-,-,-,-,-,-,-,-,-,-,-,-,-,-,-,-,-,-,-,-,-,-,-,-,-,-,-,-,-,-,-,-,-,-,-,-,-,-,-,-,-,-,-,-,-,-,-,-,-,-,-,-,-,-,-,-,-,否
审核通过,2026-07-01,顾静晶,通过,,-,-,财务已审核,"2026-07-24 20:02:05	","302332C40260716003	",ZDHZD-JS-20260716-00034,JFZDPT-JS-20260612-04035,泰州,姜堰区,ZDBZD-JS-2024-059889,张甸角钢塔,铁塔电费报账点,1,"ZDGH-JS-2018-020262	",铁塔直供电电费（姜堰）,后付费,直供电,-,2026-06-12,2026-05-01,2026-05-31,31,60.92,0.583832,88.71,13,1102.55,143.33,1102.55,143.33,1245.88,1245.88,1888.47,-,杨承宗,macheng,23135902,macheng@js.cmcc,,"302332104000	",泰州姜堰分公司,增值税专票,三费费用批量报账单,能源使用费,网络电费,网络电费-铁塔公司站点-基站-直供电费,无,无,0,-,是,,,110.72%,否,否,-,-,,,-,,-,-,-,-,-,-,-,-,-,-,-,-,-,-,-,-,-,-,-,-,-,-,-,-,-,-,-,-,-,-,-,-,-,-,-,-,-,-,-,-,-,-,-,-,-,-,-,-,-,-,-,-,-,-,-,-,-,-,-,-,-,-,-,-,-,-,-,-,-,-,-,-,-,-,-,-,-,-,-,-,-,-,-,-,-,-,-,-,-,-,-,-,-,-,-,-,-,-,-,-,-,-,-,-,-,-,-,-,-,-,-,-,-,-,-,-,-,-,-,-,-,-,-,-,-,-,-,-,-,-,否
审核通过,2026-06-09,顾静晶,通过,,-,-,财务已审核,"2026-06-25 17:50:45	","302332C40260617003	",ZDHZD-JS-20260617-00018,JFZDPT-JS-20260513-24763,泰州,姜堰区,ZDBZD-JS-2024-059889,张甸角钢塔,铁塔电费报账点,1,"ZDGH-JS-2018-020262	",铁塔直供电电费（姜堰）,后付费,直供电,-,2026-05-13,2026-04-01,2026-04-30,30,59.89,0.575069,88.71,13,1033.25,134.32,1033.25,134.32,1167.57,1167.57,1796.74,-,杨承宗,macheng,23135902,macheng@js.cmcc,,"302332104000	",泰州姜堰分公司,增值税专票,三费费用批量报账单,能源使用费,网络电费,网络电费-铁塔公司站点-基站-直供电费,无,无,0,-,是,,,108.17%,否,否,-,-,,,-,,-,-,-,-,-,-,-,-,-,-,-,-,-,-,-,-,-,-,-,-,-,-,-,-,-,-,-,-,-,-,-,-,-,-,-,-,-,-,-,-,-,-,-,-,-,-,-,-,-,-,-,-,-,-,-,-,-,-,-,-,-,-,-,-,-,-,-,-,-,-,-,-,-,-,-,-,-,-,-,-,-,-,-,-,-,-,-,-,-,-,-,-,-,-,-,-,-,-,-,-,-,-,-,-,-,-,-,-,-,-,-,-,-,-,-,-,-,-,-,-,-,-,-,-,-,-,-,-,-,-,否
审核通过,2026-05-13,顾静晶,通过,,-,-,财务已审核,"2026-05-28 20:02:14	","302332C40260520006	",ZDHZD-JS-20260520-00026,JFZDPT-JS-20260417-11843,泰州,姜堰区,ZDBZD-JS-2024-059889,张甸角钢塔,铁塔电费报账点,1,"ZDGH-JS-2018-020262	",铁塔直供电电费（姜堰）,后付费,直供电,-,2026-04-17,2026-03-01,2026-03-31,31,58.87,0.590646,88.71,13,1077.9,140.13,1077.9,140.13,1218.03,1218.03,1824.95,-,杨承宗,macheng,23135902,macheng@js.cmcc,,"302332104000	",泰州姜堰分公司,增值税专票,三费费用批量报账单,能源使用费,网络电费,网络电费-铁塔公司站点-基站-直供电费,无,无,0,-,是,,,104.34%,否,否,-,-,,,-,,-,-,-,-,-,-,-,-,-,-,-,-,-,-,-,-,-,-,-,-,-,-,-,-,-,-,-,-,-,-,-,-,-,-,-,-,-,-,-,-,-,-,-,-,-,-,-,-,-,-,-,-,-,-,-,-,-,-,-,-,-,-,-,-,-,-,-,-,-,-,-,-,-,-,-,-,-,-,-,-,-,-,-,-,-,-,-,-,-,-,-,-,-,-,-,-,-,-,-,-,-,-,-,-,-,-,-,-,-,-,-,-,-,-,-,-,-,-,-,-,-,-,-,-,-,-,-,-,-,-,否
审核通过,2026-04-15,顾静晶,通过,,-,-,财务已审核,"2026-04-27 20:03:49	","302332C40260421001	",ZDHZD-JS-20260421-00015,JFZDPT-JS-20260323-09700,泰州,姜堰区,ZDBZD-JS-2024-059889,张甸角钢塔,铁塔电费报账点,1,"ZDGH-JS-2018-020262	",铁塔直供电电费（姜堰）,后付费,直供电,-,2026-03-23,2026-02-01,2026-02-28,28,63.77,0.622789,88.71,13,1112.07,144.57,1112.07,144.57,1256.64,1256.64,1785.63,-,杨承宗,macheng,23135902,macheng@js.cmcc,,"302332104000	",泰州姜堰分公司,增值税专票,三费费用批量报账单,能源使用费,网络电费,网络电费-铁塔公司站点-基站-直供电费,无,无,0,-,是,,,105.58%,否,否,-,-,,,-,,-,-,-,-,-,-,-,-,-,-,-,-,-,-,-,-,-,-,-,-,-,-,-,-,-,-,-,-,-,-,-,-,-,-,-,-,-,-,-,-,-,-,-,-,-,-,-,-,-,-,-,-,-,-,-,-,-,-,-,-,-,-,-,-,-,-,-,-,-,-,-,-,-,-,-,-,-,-,-,-,-,-,-,-,-,-,-,-,-,-,-,-,-,-,-,-,-,-,-,-,-,-,-,-,-,-,-,-,-,-,-,-,-,-,-,-,-,-,-,-,-,-,-,-,-,-,-,-,-,-,否
审核通过,2026-03-04,顾静晶,通过,,-,-,财务已审核,"2026-03-31 16:02:04	","302332C40260319005	",ZDHZD-JS-20260319-00053,JFZDPT-JS-20260206-00600,泰州,姜堰区,ZDBZD-JS-2024-059889,张甸角钢塔,铁塔电费报账点,1,"ZDGH-JS-2018-020262	",铁塔直供电电费（姜堰）,后付费,直供电,-,2026-02-06,2026-01-01,2026-01-31,31,58.01,0.612496,88.71,13,1101.44,143.19,1101.44,143.19,1244.63,1244.63,1798.28,-,杨承宗,macheng,23135902,macheng@js.cmcc,,"302332104000	",泰州姜堰分公司,增值税专票,三费费用批量报账单,能源使用费,网络电费,网络电费-铁塔公司站点-基站-直供电费,无,无,0,-,是,,,94.34%,否,否,-,-,,,-,,-,-,-,-,-,-,-,-,-,-,-,-,-,-,-,-,-,-,-,-,-,-,-,-,-,-,-,-,-,-,-,-,-,-,-,-,-,-,-,-,-,-,-,-,-,-,-,-,-,-,-,-,-,-,-,-,-,-,-,-,-,-,-,-,-,-,-,-,-,-,-,-,-,-,-,-,-,-,-,-,-,-,-,-,-,-,-,-,-,-,-,-,-,-,-,-,-,-,-,-,-,-,-,-,-,-,-,-,-,-,-,-,-,-,-,-,-,-,-,-,-,-,-,-,-,-,-,-,-,-,否
审核通过,2026-02-03,顾静晶,通过,,-,-,财务已审核,"2026-02-14 12:00:54	","302332C40260209006	",ZDHZD-JS-20260209-00066,JFZDPT-JS-20260113-08665,泰州,姜堰区,ZDBZD-JS-2024-059889,张甸角钢塔,铁塔电费报账点,1,"ZDGH-JS-2018-020262	",铁塔直供电电费（姜堰）,后付费,直供电,-,2026-01-13,2025-12-01,2025-12-31,31,58.00,0.636873,88.71,13,1145.18,148.87,1145.18,148.87,1294.05,1294.05,1798.13,-,杨承宗,macheng,23135902,macheng@js.cmcc,,"302332104000	",泰州姜堰分公司,增值税专票,三费费用批量报账单,能源使用费,网络电费,网络电费-铁塔公司站点-基站-直供电费,无,无,0,-,是,,,101.25%,否,否,-,-,,,-,,-,-,-,-,-,-,-,-,-,-,-,-,-,-,-,-,-,-,-,-,-,-,-,-,-,-,-,-,-,-,-,-,-,-,-,-,-,-,-,-,-,-,-,-,-,-,-,-,-,-,-,-,-,-,-,-,-,-,-,-,-,-,-,-,-,-,-,-,-,-,-,-,-,-,-,-,-,-,-,-,-,-,-,-,-,-,-,-,-,-,-,-,-,-,-,-,-,-,-,-,-,-,-,-,-,-,-,-,-,-,-,-,-,-,-,-,-,-,-,-,-,-,-,-,-,-,-,-,-,-,否
审核通过,2026-01-09,顾静晶,通过,,-,-,财务已审核,"2026-01-26 20:02:51	","302332C40260119004	",ZDHZD-JS-20260118-00007,JFZDPT-JS-20251212-03192,泰州,姜堰区,ZDBZD-JS-2024-059889,张甸角钢塔,铁塔电费报账点,1,"ZDGH-JS-2018-020262	",铁塔直供电电费（姜堰）,后付费,直供电,-,2025-12-12,2025-11-01,2025-11-30,30,59.02,0.636283,88.71,13,1126.52,146.45,1126.52,146.45,1272.97,1272.97,1770.47418,-,杨承宗,macheng,23135902,macheng@js.cmcc,,"302332104000	",泰州姜堰分公司,增值税专票,三费费用批量报账单,能源使用费,网络电费,网络电费-铁塔公司站点-基站-直供电费,无,无,0,实际分摊比例环比增大超限,是,,,110.49%,137.60%,否,-,-,,,-,,-,-,-,-,-,-,-,-,-,-,-,-,-,-,-,-,-,-,-,-,-,-,-,-,-,-,-,-,-,-,-,-,-,-,-,-,-,-,-,-,-,-,-,-,-,-,-,-,-,-,-,-,-,-,-,-,-,-,-,-,-,-,-,-,-,-,-,-,-,-,-,-,-,-,-,-,-,-,-,-,-,-,-,-,-,-,-,-,-,-,-,-,-,-,-,-,-,-,-,-,-,-,-,-,-,-,-,-,-,-,-,-,-,-,-,-,-,-,-,-,-,-,-,-,-,-,-,-,-,-,否
审核通过,2026-01-07,顾静晶,通过,,-,-,财务已审核,"2026-01-26 20:02:51	","302332C40260119004	",ZDHZD-JS-20260118-00007,JFZDPT-JS-20251113-08484,泰州,姜堰区,ZDBZD-JS-2024-059889,张甸角钢塔,铁塔电费报账点,1,"ZDGH-JS-2018-020262	",铁塔直供电电费（姜堰）,后付费,直供电,-,2025-11-13,2025-10-01,2025-10-31,31,24.87,0.629294,75.68,13,485.23,63.08,485.23,63.08,548.31,548.31,771.07,-,杨承宗,macheng,23135902,macheng@js.cmcc,,"302332104000	",泰州姜堰分公司,增值税专票,三费费用批量报账单,能源使用费,网络电费,网络电费-铁塔公司站点-基站-直供电费,无,无,0,-,是,,,否,0.12%,否,-,-,,,-,,-,-,-,-,-,-,-,-,-,-,-,-,-,-,-,-,-,-,-,-,-,-,-,-,-,-,-,-,-,-,-,-,-,-,-,-,-,-,-,-,-,-,-,-,-,-,-,-,-,-,-,-,-,-,-,-,-,-,-,-,-,-,-,-,-,-,-,-,-,-,-,-,-,-,-,-,-,-,-,-,-,-,-,-,-,-,-,-,-,-,-,-,-,-,-,-,-,-,-,-,-,-,-,-,-,-,-,-,-,-,-,-,-,-,-,-,-,-,-,-,-,-,-,-,-,-,-,-,-,-,否
审核通过,2025-10-17,严炳成,通过,,-,-,财务已审核,"2025-10-28 20:01:29	","302332C40251021003	",ZDHZD-JS-20251021-00028,JFZDPT-JS-20251016-04515,泰州,姜堰区,ZDBZD-JS-2024-059889,张甸角钢塔,铁塔电费报账点,1,"ZDGH-JS-2018-020262	",铁塔直供电电费（姜堰）,后付费,直供电,-,2025-10-16,2025-09-01,2025-09-30,30,20.70,0.645924,75.68,13,401.08,52.14,401.08,52.14,453.22,453.22,620.94,-,杨承宗,macheng,23135902,macheng@js.cmcc,,"302332104000	",泰州姜堰分公司,增值税专票,三费费用批量报账单,能源使用费,网络电费,网络电费-铁塔公司站点-基站-直供电费,无,无,0,-,否,,,否,否,否,-,-,,,-,,-,-,-,-,-,-,-,-,-,-,-,-,-,-,-,-,-,-,-,-,-,-,-,-,-,-,-,-,-,-,-,-,-,-,-,-,-,-,-,-,-,-,-,-,-,-,-,-,-,-,-,-,-,-,-,-,-,-,-,-,-,-,-,-,-,-,-,-,-,-,-,-,-,-,-,-,-,-,-,-,-,-,-,-,-,-,-,-,-,-,-,-,-,-,-,-,-,-,-,-,-,-,-,-,-,-,-,-,-,-,-,-,-,-,-,-,-,-,-,-,-,-,-,-,-,-,-,-,-,-,否
审核通过,2025-09-16,严炳成,通过,,-,-,财务已审核,"2025-09-23 16:01:23	","302332C40250918007	",ZDHZD-JS-20250918-00105,JFZDPT-JS-20250915-04945,泰州,姜堰区,ZDBZD-JS-2024-059889,张甸角钢塔,铁塔电费报账点,1,"ZDGH-JS-2018-020262	",铁塔直供电电费（姜堰）,后付费,直供电,-,2025-09-15,2025-08-01,2025-08-31,31,20.59,0.670531,75.68,13,428.04,55.65,428.04,55.65,483.69,483.69,638.36,-,杨承宗,macheng,23135902,macheng@js.cmcc,,"302332104000	",泰州姜堰分公司,增值税专票,三费费用批量报账单,能源使用费,网络电费,网络电费-铁塔公司站点-基站-直供电费,无,无,0,-,否,,,否,否,否,-,-,,,-,,-,-,-,-,-,-,-,-,-,-,-,-,-,-,-,-,-,-,-,-,-,-,-,-,-,-,-,-,-,-,-,-,-,-,-,-,-,-,-,-,-,-,-,-,-,-,-,-,-,-,-,-,-,-,-,-,-,-,-,-,-,-,-,-,-,-,-,-,-,-,-,-,-,-,-,-,-,-,-,-,-,-,-,-,-,-,-,-,-,-,-,-,-,-,-,-,-,-,-,-,-,-,-,-,-,-,-,-,-,-,-,-,-,-,-,-,-,-,-,-,-,-,-,-,-,-,-,-,-,-,否
审核通过,2025-08-15,严炳成,通过,,-,-,财务已审核,"2025-08-25 20:01:58	","302332C40250820001	",ZDHZD-JS-20250819-00088,JFZDPT-JS-20250813-09277,泰州,姜堰区,ZDBZD-JS-2024-059889,张甸角钢塔,铁塔电费报账点,1,"ZDGH-JS-2018-020262	",铁塔直供电电费（姜堰）,后付费,直供电,-,2025-08-13,2025-07-01,2025-07-31,31,21.26,0.667000,75.68,13,439.58,57.14,439.58,57.14,496.72,496.72,659.04,-,杨承宗,macheng,23135902,macheng@js.cmcc,,"302332104000	",泰州姜堰分公司,增值税专票,三费费用批量报账单,能源使用费,网络电费,网络电费-铁塔公司站点-基站-直供电费,无,无,0,-,否,,,否,否,否,-,-,,,-,,-,-,-,-,-,-,-,-,-,-,-,-,-,-,-,-,-,-,-,-,-,-,-,-,-,-,-,-,-,-,-,-,-,-,-,-,-,-,-,-,-,-,-,-,-,-,-,-,-,-,-,-,-,-,-,-,-,-,-,-,-,-,-,-,-,-,-,-,-,-,-,-,-,-,-,-,-,-,-,-,-,-,-,-,-,-,-,-,-,-,-,-,-,-,-,-,-,-,-,-,-,-,-,-,-,-,-,-,-,-,-,-,-,-,-,-,-,-,-,-,-,-,-,-,-,-,-,-,-,-,否
审核通过,2025-07-17,严炳成,通过,,-,-,财务已审核,"2025-07-29 12:07:39	","302332C40250722002	",ZDHZD-JS-20250721-00065,JFZDPT-JS-20250716-10963,泰州,姜堰区,ZDBZD-JS-2024-059889,张甸角钢塔,铁塔电费报账点,1,"ZDGH-JS-2018-020262	",铁塔直供电电费（姜堰）,后付费,直供电,-,2025-07-16,2025-06-01,2025-06-30,30,21.57,0.631598,75.68,13,408.77,53.14,408.77,53.14,461.91,461.91,647.2,-,杨承宗,macheng,23135902,macheng@js.cmcc,,"302332104000	",泰州姜堰分公司,增值税专票,三费费用批量报账单,能源使用费,网络电费,网络电费-铁塔公司站点-基站-直供电费,无,无,0,-,否,,,否,否,否,-,-,,,-,,-,-,-,-,-,-,-,-,-,-,-,-,-,-,-,-,-,-,-,-,-,-,-,-,-,-,-,-,-,-,-,-,-,-,-,-,-,-,-,-,-,-,-,-,-,-,-,-,-,-,-,-,-,-,-,-,-,-,-,-,-,-,-,-,-,-,-,-,-,-,-,-,-,-,-,-,-,-,-,-,-,-,-,-,-,-,-,-,-,-,-,-,-,-,-,-,-,-,-,-,-,-,-,-,-,-,-,-,-,-,-,-,-,-,-,-,-,-,-,-,-,-,-,-,-,-,-,-,-,-,否
审核通过,2025-06-19,严炳成,通过,,-,-,财务已审核,"2025-06-27 16:02:12	","302332C40250623002	",ZDHZD-JS-20250623-00006,JFZDPT-JS-20250618-06996,泰州,姜堰区,ZDBZD-JS-2024-059889,张甸角钢塔,铁塔电费报账点,1,"ZDGH-JS-2018-020262	",铁塔直供电电费（姜堰）,后付费,直供电,-,2025-06-18,2025-05-01,2025-05-31,31,24.09,0.637083,75.68,13,475.85,61.86,475.85,61.86,537.71,537.71,746.92,-,杨承宗,macheng,23135902,macheng@js.cmcc,,"302332104000	",泰州姜堰分公司,增值税专票,三费费用批量报账单,能源使用费,网络电费,网络电费-铁塔公司站点-基站-直供电费,无,无,0,-,否,,,否,否,否,-,-,,,-,,-,-,-,-,-,-,-,-,-,-,-,-,-,-,-,-,-,-,-,-,-,-,-,-,-,-,-,-,-,-,-,-,-,-,-,-,-,-,-,-,-,-,-,-,-,-,-,-,-,-,-,-,-,-,-,-,-,-,-,-,-,-,-,-,-,-,-,-,-,-,-,-,-,-,-,-,-,-,-,-,-,-,-,-,-,-,-,-,-,-,-,-,-,-,-,-,-,-,-,-,-,-,-,-,-,-,-,-,-,-,-,-,-,-,-,-,-,-,-,-,-,-,-,-,-,-,-,-,-,-,否
审核通过,2025-05-20,严炳成,通过,,-,-,财务已审核,"2025-05-27 20:01:17	","302332C40250521004	",ZDHZD-JS-20250521-00076,JFZDPT-JS-20250519-03181,泰州,姜堰区,ZDBZD-JS-2024-059889,张甸角钢塔,铁塔电费报账点,1,"ZDGH-JS-2018-020262	",铁塔直供电电费（姜堰）,后付费,直供电,-,2025-05-19,2025-04-01,2025-04-30,30,23.97,0.632298,75.68,13,454.78,59.12,454.78,59.12,513.9,513.9,719.25,-,杨承宗,macheng,23135902,macheng@js.cmcc,,"302332104000	",泰州姜堰分公司,增值税专票,三费费用批量报账单,能源使用费,网络电费,网络电费-铁塔公司站点-基站-直供电费,无,无,0,-,否,,,-,否,否,-,-,,,-,,-,-,-,-,-,-,-,-,-,-,-,-,-,-,-,-,-,-,-,-,-,-,-,-,-,-,-,-,-,-,-,-,-,-,-,-,-,-,-,-,-,-,-,-,-,-,-,-,-,-,-,-,-,-,-,-,-,-,-,-,-,-,-,-,-,-,-,-,-,-,-,-,-,-,-,-,-,-,-,-,-,-,-,-,-,-,-,-,-,-,-,-,-,-,-,-,-,-,-,-,-,-,-,-,-,-,-,-,-,-,-,-,-,-,-,-,-,-,-,-,-,-,-,-,-,-,-,-,-,-,否
审核通过,2025-04-18,严炳成,通过,,-,-,财务已审核,"2025-04-24 20:00:51	","302332C40250421005	",ZDHZD-JS-20250421-00078,JFZDPT-JS-20250417-01639,泰州,姜堰区,ZDBZD-JS-2024-059889,张甸角钢塔,铁塔电费报账点,1,"ZDGH-JS-2018-020262	",铁塔直供电电费（姜堰）,后付费,直供电,-,2025-04-17,2025-03-01,2025-03-31,31,24.01,0.638322,75.68,13,475.02,61.75,475.02,61.75,536.77,536.77,744.17,-,杨承宗,macheng,23135902,macheng@js.cmcc,,"302332104000	",泰州姜堰分公司,增值税专票,三费费用批量报账单,能源使用费,网络电费,网络电费-铁塔公司站点-基站-直供电费,无,无,0,-,否,,,-,否,否,-,-,,,-,,-,-,-,-,-,-,-,-,-,-,-,-,-,-,-,-,-,-,-,-,-,-,-,-,-,-,-,-,-,-,-,-,-,-,-,-,-,-,-,-,-,-,-,-,-,-,-,-,-,-,-,-,-,-,-,-,-,-,-,-,-,-,-,-,-,-,-,-,-,-,-,-,-,-,-,-,-,-,-,-,-,-,-,-,-,-,-,-,-,-,-,-,-,-,-,-,-,-,-,-,-,-,-,-,-,-,-,-,-,-,-,-,-,-,-,-,-,-,-,-,-,-,-,-,-,-,-,-,-,-,否
审核通过,2025-03-14,严炳成,通过,,-,-,财务已审核,"2025-03-20 16:01:51	","302332C40250315002	",ZDHZD-JS-20250315-00005,JFZDPT-JS-20250312-18536,泰州,姜堰区,ZDBZD-JS-2024-059889,张甸角钢塔,铁塔电费报账点,1,"ZDGH-JS-2018-020262	",铁塔直供电电费（姜堰）,后付费,直供电,-,2025-03-12,2025-02-01,2025-02-28,28,25.85,0.681764,75.68,13,493.44,64.15,493.44,64.15,557.59,557.59,723.77,-,杨承宗,macheng,23135902,macheng@js.cmcc,,"302332104000	",泰州姜堰分公司,增值税专票,三费费用批量报账单,能源使用费,网络电费,网络电费-铁塔公司站点-基站-直供电费,无,无,0,-,否,,,-,否,否,-,-,,,-,,-,-,-,-,-,-,-,-,-,-,-,-,-,-,-,-,-,-,-,-,-,-,-,-,-,-,-,-,-,-,-,-,-,-,-,-,-,-,-,-,-,-,-,-,-,-,-,-,-,-,-,-,-,-,-,-,-,-,-,-,-,-,-,-,-,-,-,-,-,-,-,-,-,-,-,-,-,-,-,-,-,-,-,-,-,-,-,-,-,-,-,-,-,-,-,-,-,-,-,-,-,-,-,-,-,-,-,-,-,-,-,-,-,-,-,-,-,-,-,-,-,-,-,-,-,-,-,-,-,-,否
审核通过,2025-02-17,严炳成,通过,,-,-,财务已审核,"2025-02-25 12:17:02	","302332C40250218005	",ZDHZD-JS-20250218-00040,JFZDPT-JS-20250213-19234,泰州,姜堰区,ZDBZD-JS-2024-059889,张甸角钢塔,铁塔电费报账点,1,"ZDGH-JS-2018-020262	",铁塔直供电电费（姜堰）,后付费,直供电,-,2025-02-13,2025-01-01,2025-01-31,31,24.87,0.720081,75.68,13,555.19,72.17,555.19,72.17,627.36,627.22,771.01,-,杨承宗,macheng,23135902,macheng@js.cmcc,,"302332104000	",泰州姜堰分公司,增值税专票,三费费用批量报账单,能源使用费,网络电费,网络电费-铁塔公司站点-基站-直供电,无,无,0,-,否,,,-,否,否,-,-,,,-,,-,-,-,-,-,-,-,-,-,-,-,-,-,-,-,-,-,-,-,-,-,-,-,-,-,-,-,-,-,-,-,-,-,-,-,-,-,-,-,-,-,-,-,-,-,-,-,-,-,-,-,-,-,-,-,-,-,-,-,-,-,-,-,-,-,-,-,-,-,-,-,-,-,-,-,-,-,-,-,-,-,-,-,-,-,-,-,-,-,-,-,-,-,-,-,-,-,-,-,-,-,-,-,-,-,-,-,-,-,-,-,-,-,-,-,-,-,-,-,-,-,-,-,-,-,-,-,-,-,-,否
审核通过,2025-01-14,严炳成,通过,,-,-,财务已审核,"2025-01-21 12:00:34	","302332C40250116001	",ZDHZD-JS-20250116-00035,JFZDPT-JS-20250113-14001,泰州,姜堰区,ZDBZD-JS-2024-059889,张甸角钢塔,铁塔电费报账点,1,"ZDGH-JS-2018-020262	",铁塔直供电电费（姜堰）,后付费,直供电,-,2025-01-13,2024-12-01,2024-12-31,31,24.02,0.690339,75.68,13,514.04,66.82,514.04,66.82,580.86,580.8,744.62,-,杨承宗,macheng,23135902,macheng@js.cmcc,,"302332104000	",泰州姜堰分公司,增值税专票,三费费用批量报账单,能源使用费,网络电费,网络电费-铁塔公司站点-基站-直供电,无,无,0,-,否,,,-,否,否,-,-,,,-,,-,-,-,-,-,-,-,-,-,-,-,-,-,-,-,-,-,-,-,-,-,-,-,-,-,-,-,-,-,-,-,-,-,-,-,-,-,-,-,-,-,-,-,-,-,-,-,-,-,-,-,-,-,-,-,-,-,-,-,-,-,-,-,-,-,-,-,-,-,-,-,-,-,-,-,-,-,-,-,-,-,-,-,-,-,-,-,-,-,-,-,-,-,-,-,-,-,-,-,-,-,-,-,-,-,-,-,-,-,-,-,-,-,-,-,-,-,-,-,-,-,-,-,-,-,-,-,-,-,-,否
审核通过,2024-12-19,严炳成,通过,,-,-,财务已审核,"2024-12-24 16:00:46	","302332C40241219004	",ZDHZD-JS-20241219-00073,JFZDPT-JS-20241217-09351,泰州,姜堰区,ZDBZD-JS-2024-059889,张甸角钢塔,铁塔电费报账点,1,"ZDGH-JS-2018-020262	",铁塔直供电电费（姜堰）,后付费,直供电,-,2024-12-17,2024-11-01,2024-11-30,30,23.37,0.676945,75.68,13,474.62,61.7,474.62,61.7,536.32,536.57,701.12,-,杨承宗,macheng,23135902,macheng@js.cmcc,,"302332104000	",泰州姜堰分公司,增值税专票,三费费用批量报账单,能源使用费,网络电费,网络电费-铁塔公司站点-基站-直供电,无,无,0,-,否,,,-,否,否,-,-,,,-,,-,-,-,-,-,-,-,-,-,-,-,-,-,-,-,-,-,-,-,-,-,-,-,-,-,-,-,-,-,-,-,-,-,-,-,-,-,-,-,-,-,-,-,-,-,-,-,-,-,-,-,-,-,-,-,-,-,-,-,-,-,-,-,-,-,-,-,-,-,-,-,-,-,-,-,-,-,-,-,-,-,-,-,-,-,-,-,-,-,-,-,-,-,-,-,-,-,-,-,-,-,-,-,-,-,-,-,-,-,-,-,-,-,-,-,-,-,-,-,-,-,-,-,-,-,-,-,-,-,-,否
审核通过,2024-12-17,严炳成,通过,,-,-,财务已审核,"2024-12-24 16:00:46	","302332C40241219004	",ZDHZD-JS-20241219-00073,JFZDPT-JS-20241215-00163,泰州,姜堰区,ZDBZD-JS-2024-059889,张甸角钢塔,铁塔电费报账点,1,"ZDGH-JS-2018-020262	",铁塔直供电电费（姜堰）,后付费,直供电,-,2024-12-15,2024-10-01,2024-10-31,31,30.36,0.659293,100.00,13,620.5,80.66,620.5,80.66,701.16,701.16,941.16,手工录入,杨承宗,macheng,23135902,macheng@js.cmcc,,"302332104000	",泰州姜堰分公司,增值税专票,三费费用批量报账单,能源使用费,网络电费,网络电费-铁塔公司站点-基站-直供电,无,无,0,共享数量与分摊比例不匹配,否,,,-,-,否,-,-,,,-,1.共享站点缴纳电费分摊比例的异常原因说明:现场设备共享使用塔，但移动设备单独挂表接市电，故独享100%比例;,-,-,-,-,-,-,-,-,-,-,-,-,-,-,-,-,-,-,-,-,-,-,-,-,-,-,-,-,-,-,-,-,-,-,-,-,-,-,-,-,-,-,-,-,-,-,-,-,-,-,-,-,-,-,-,-,-,-,-,-,-,-,-,-,-,-,-,-,-,-,-,-,-,-,-,-,-,-,-,-,-,-,-,-,-,-,-,-,-,-,-,-,-,-,-,-,-,-,-,-,-,-,-,-,-,-,-,-,-,-,-,-,-,-,-,-,-,-,-,-,-,-,-,-,-,-,-,-,-,-,否
审核通过,2024-12-17,严炳成,通过,,-,-,财务已审核,"2024-12-24 16:00:46	","302332C40241219004	",ZDHZD-JS-20241219-00073,JFZDPT-JS-20241215-00161,泰州,姜堰区,ZDBZD-JS-2024-059889,张甸角钢塔,铁塔电费报账点,1,"ZDGH-JS-2018-020262	",铁塔直供电电费（姜堰）,后付费,直供电,-,2024-12-15,2024-09-01,2024-09-30,30,33.62,0.670798,100.00,13,676.58,87.95,676.58,87.95,764.53,764.53,1008.62,手工录入,杨承宗,macheng,23135902,macheng@js.cmcc,,"302332104000	",泰州姜堰分公司,增值税专票,三费费用批量报账单,能源使用费,网络电费,网络电费-铁塔公司站点-基站-直供电,无,无,0,共享数量与分摊比例不匹配,否,,,-,-,否,-,-,,,-,1.共享站点缴纳电费分摊比例的异常原因说明:现场设备共享使用塔，但移动设备单独挂表接市电，故独享100%比例;,-,-,-,-,-,-,-,-,-,-,-,-,-,-,-,-,-,-,-,-,-,-,-,-,-,-,-,-,-,-,-,-,-,-,-,-,-,-,-,-,-,-,-,-,-,-,-,-,-,-,-,-,-,-,-,-,-,-,-,-,-,-,-,-,-,-,-,-,-,-,-,-,-,-,-,-,-,-,-,-,-,-,-,-,-,-,-,-,-,-,-,-,-,-,-,-,-,-,-,-,-,-,-,-,-,-,-,-,-,-,-,-,-,-,-,-,-,-,-,-,-,-,-,-,-,-,-,-,-,-,否
审核通过,2024-12-17,严炳成,通过,,-,-,财务已审核,"2024-12-24 16:00:46	","302332C40241219004	",ZDHZD-JS-20241219-00073,JFZDPT-JS-20241215-00159,泰州,姜堰区,ZDBZD-JS-2024-059889,张甸角钢塔,铁塔电费报账点,1,"ZDGH-JS-2018-020262	",铁塔直供电电费（姜堰）,后付费,直供电,-,2024-12-15,2024-08-01,2024-08-31,31,33.35,0.683180,100.00,13,706.21,91.81,706.21,91.81,798.02,798.02,1033.71,手工录入,杨承宗,macheng,23135902,macheng@js.cmcc,,"302332104000	",泰州姜堰分公司,增值税专票,三费费用批量报账单,能源使用费,网络电费,网络电费-铁塔公司站点-基站-直供电,无,无,0,共享数量与分摊比例不匹配,否,,,-,-,否,-,-,,,-,1.共享站点缴纳电费分摊比例的异常原因说明:现场设备共享使用塔，但移动设备单独挂表接市电，故独享100%比例;,-,-,-,-,-,-,-,-,-,-,-,-,-,-,-,-,-,-,-,-,-,-,-,-,-,-,-,-,-,-,-,-,-,-,-,-,-,-,-,-,-,-,-,-,-,-,-,-,-,-,-,-,-,-,-,-,-,-,-,-,-,-,-,-,-,-,-,-,-,-,-,-,-,-,-,-,-,-,-,-,-,-,-,-,-,-,-,-,-,-,-,-,-,-,-,-,-,-,-,-,-,-,-,-,-,-,-,-,-,-,-,-,-,-,-,-,-,-,-,-,-,-,-,-,-,-,-,-,-,-,否
审核通过,2024-12-17,严炳成,通过,,-,-,财务已审核,"2024-12-24 16:00:46	","302332C40241219004	",ZDHZD-JS-20241219-00073,JFZDPT-JS-20241215-00158,泰州,姜堰区,ZDBZD-JS-2024-059889,张甸角钢塔,铁塔电费报账点,1,"ZDGH-JS-2018-020262	",铁塔直供电电费（姜堰）,后付费,直供电,-,2024-12-15,2024-07-01,2024-07-31,31,32.14,0.674334,100.00,13,671.94,87.35,671.94,87.35,759.29,759.29,996.45,手工录入,杨承宗,macheng,23135902,macheng@js.cmcc,,"302332104000	",泰州姜堰分公司,增值税专票,三费费用批量报账单,能源使用费,网络电费,网络电费-铁塔公司站点-基站-直供电,无,无,0,共享数量与分摊比例不匹配,否,,,-,-,否,-,-,,,-,1.共享站点缴纳电费分摊比例的异常原因说明:现场设备共享使用塔，但移动设备单独挂表接市电，故独享100%比例;,-,-,-,-,-,-,-,-,-,-,-,-,-,-,-,-,-,-,-,-,-,-,-,-,-,-,-,-,-,-,-,-,-,-,-,-,-,-,-,-,-,-,-,-,-,-,-,-,-,-,-,-,-,-,-,-,-,-,-,-,-,-,-,-,-,-,-,-,-,-,-,-,-,-,-,-,-,-,-,-,-,-,-,-,-,-,-,-,-,-,-,-,-,-,-,-,-,-,-,-,-,-,-,-,-,-,-,-,-,-,-,-,-,-,-,-,-,-,-,-,-,-,-,-,-,-,-,-,-,-,否
审核通过,2024-12-17,严炳成,通过,,-,-,财务已审核,"2024-12-24 16:00:46	","302332C40241219004	",ZDHZD-JS-20241219-00073,JFZDPT-JS-20241215-00156,泰州,姜堰区,ZDBZD-JS-2024-059889,张甸角钢塔,铁塔电费报账点,1,"ZDGH-JS-2018-020262	",铁塔直供电电费（姜堰）,后付费,直供电,-,2024-12-15,2024-06-01,2024-06-30,30,29.35,0.678760,100.00,13,597.73,77.71,597.73,77.71,675.44,675.44,880.62,手工录入,杨承宗,macheng,23135902,macheng@js.cmcc,,"302332104000	",泰州姜堰分公司,增值税专票,三费费用批量报账单,能源使用费,网络电费,网络电费-铁塔公司站点-基站-直供电,无,无,0,共享数量与分摊比例不匹配,否,,,-,-,否,-,-,,,-,1.共享站点缴纳电费分摊比例的异常原因说明:现场设备共享使用塔，但移动设备单独挂表接市电，故独享100%比例;,-,-,-,-,-,-,-,-,-,-,-,-,-,-,-,-,-,-,-,-,-,-,-,-,-,-,-,-,-,-,-,-,-,-,-,-,-,-,-,-,-,-,-,-,-,-,-,-,-,-,-,-,-,-,-,-,-,-,-,-,-,-,-,-,-,-,-,-,-,-,-,-,-,-,-,-,-,-,-,-,-,-,-,-,-,-,-,-,-,-,-,-,-,-,-,-,-,-,-,-,-,-,-,-,-,-,-,-,-,-,-,-,-,-,-,-,-,-,-,-,-,-,-,-,-,-,-,-,-,-,否
审核通过,2024-12-17,严炳成,通过,,-,-,财务已审核,"2024-12-24 16:00:46	","302332C40241219004	",ZDHZD-JS-20241219-00073,JFZDPT-JS-20241215-00155,泰州,姜堰区,ZDBZD-JS-2024-059889,张甸角钢塔,铁塔电费报账点,1,"ZDGH-JS-2018-020262	",铁塔直供电电费（姜堰）,后付费,直供电,-,2024-12-15,2024-05-01,2024-05-31,31,24.22,0.676991,100.00,13,508.21,66.07,508.21,66.07,574.28,574.28,750.69,手工录入,杨承宗,macheng,23135902,macheng@js.cmcc,,"302332104000	",泰州姜堰分公司,增值税专票,三费费用批量报账单,能源使用费,网络电费,网络电费-铁塔公司站点-基站-直供电,无,无,0,共享数量与分摊比例不匹配,否,,,-,-,否,-,-,,,-,1.共享站点缴纳电费分摊比例的异常原因说明:现场设备共享使用塔，但移动设备单独挂表接市电，故独享100%比例;,-,-,-,-,-,-,-,-,-,-,-,-,-,-,-,-,-,-,-,-,-,-,-,-,-,-,-,-,-,-,-,-,-,-,-,-,-,-,-,-,-,-,-,-,-,-,-,-,-,-,-,-,-,-,-,-,-,-,-,-,-,-,-,-,-,-,-,-,-,-,-,-,-,-,-,-,-,-,-,-,-,-,-,-,-,-,-,-,-,-,-,-,-,-,-,-,-,-,-,-,-,-,-,-,-,-,-,-,-,-,-,-,-,-,-,-,-,-,-,-,-,-,-,-,-,-,-,-,-,-,是
