报账点编码,报账点名称,报账点状态,地市,区县,年份,月份,月总标杆,1,2,3,4,5,6,7,8,9,10,11,12,13,14,15,16,17,18,19,20,21,22,23,24,25,26,27,28,29,30,31
ZDBZD-JS-2018-1018812,泰州德康电机铁塔资源点,启用,泰州,海陵区,2026,1,1500.192,50.688,50.688,50.688,50.688,50.688,50.688,50.688,50.688,50.688,50.688,50.688,50.688,50.688,50.688,50.688,50.688,50.688,50.688,50.688,50.688,50.688,50.688,50.688,50.4,50.4,50.4,15.84,15.84,50.4,50.4,50.688
ZDBZD-JS-2018-1018812,泰州德康电机铁塔资源点,启用,泰州,海陵区,2026,2,1416.384,50.4,50.4,50.4,50.4,50.4,50.4,50.4,50.4,50.4,50.4,50.688,50.688,50.688,50.688,50.688,50.688,50.688,50.688,50.688,50.688,50.688,50.688,50.688,50.688,50.688,50.688,50.688,50.688,,,
ZDBZD-JS-2018-1018812,泰州德康电机铁塔资源点,启用,泰州,海陵区,2026,3,1571.328,50.688,50.688,50.688,50.688,50.688,50.688,50.688,50.688,50.688,50.688,50.688,50.688,50.688,50.688,50.688,50.688,50.688,50.688,50.688,50.688,50.688,50.688,50.688,50.688,50.688,50.688,50.688,50.688,50.688,50.688,50.688
ZDBZD-JS-2018-1018812,泰州德康电机铁塔资源点,启用,泰州,海陵区,2026,4,1520.64,50.688,50.688,50.688,50.688,50.688,50.688,50.688,50.688,50.688,50.688,50.688,50.688,50.688,50.688,50.688,50.688,50.688,50.688,50.688,50.688,50.688,50.688,50.688,50.688,50.688,50.688,50.688,50.688,50.688,50.688,
ZDBZD-JS-2018-1018812,泰州德康电机铁塔资源点,启用,泰州,海陵区,2026,5,1571.328,50.688,50.688,50.688,50.688,50.688,50.688,50.688,50.688,50.688,50.688,50.688,50.688,50.688,50.688,50.688,50.688,50.688,50.688,50.688,50.688,50.688,50.688,50.688,50.688,50.688,50.688,50.688,50.688,50.688,50.688,50.688
ZDBZD-JS-2018-1018812,泰州德康电机铁塔资源点,启用,泰州,海陵区,2026,6,1520.64,50.688,50.688,50.688,50.688,50.688,50.688,50.688,50.688,50.688,50.688,50.688,50.688,50.688,50.688,50.688,50.688,50.688,50.688,50.688,50.688,50.688,50.688,50.688,50.688,50.688,50.688,50.688,50.688,50.688,50.688,
ZDBZD-JS-2018-1018812,泰州德康电机铁塔资源点,启用,泰州,海陵区,2026,7,1563.648,50.688,50.688,50.688,46.848,46.848,50.688,50.688,50.688,50.688,50.688,50.688,50.688,50.688,50.688,50.688,50.688,50.688,50.688,50.688,50.688,50.688,50.688,50.688,50.688,50.688,50.688,50.688,50.688,50.688,50.688,50.688
ZDBZD-JS-2018-1021731,泰州靖江振亚资源点,启用,泰州,靖江市,2026,1,1866.0016,60.216,60.216,60.216,60.216,60.216,60.216,60.216,60.216,60.216,60.216,60.216,60.216,60.216,60.216,60.216,60.216,60.216,60.216,60.216,60.216,60.216,60.216,60.216,60.12,60.12,60.12,60.12,60.12,60.12,60.12,
ZDBZD-JS-2018-1021731,泰州靖江振亚资源点,启用,泰州,靖江市,2026,2,1854.768,66.18,66.18,66.18,66.18,66.18,66.18,66.18,66.18,66.18,66.18,66.276,66.276,66.276,66.276,66.276,66.276,66.276,66.276,66.276,66.276,66.276,66.276,66.276,66.276,66.276,66.276,66.276,66.276,,,
ZDBZD-JS-2018-1021731,泰州靖江振亚资源点,启用,泰州,靖江市,2026,3,2097.336,67.656,67.656,67.656,67.656,67.656,67.656,67.656,67.656,67.656,67.656,67.656,67.656,67.656,67.656,67.656,67.656,67.656,67.656,67.656,67.656,67.656,67.656,67.656,67.656,67.656,67.656,67.656,67.656,67.656,67.656,67.656
ZDBZD-JS-2018-1021731,泰州靖江振亚资源点,启用,泰州,靖江市,2026,4,2170.92,69.756,69.756,69.756,69.756,69.756,69.756,67.356,67.356,67.356,69.756,69.756,69.756,69.756,69.756,69.756,69.756,69.756,69.756,69.756,69.756,78.3,78.3,78.3,78.3,78.3,78.3,78.3,78.3,78.3,78.3,
ZDBZD-JS-2018-1021731,泰州靖江振亚资源点,启用,泰州,靖江市,2026,5,2499.84,80.64,80.64,80.64,80.64,80.64,80.64,80.64,80.64,80.64,80.64,80.64,80.64,80.64,80.64,80.64,80.64,80.64,80.64,80.64,80.64,80.64,80.64,80.64,80.64,80.64,80.64,80.64,80.64,80.64,80.64,80.64
ZDBZD-JS-2018-1021731,泰州靖江振亚资源点,启用,泰州,靖江市,2026,6,3236.79516,92.19,92.19,92.19,92.19,92.19,92.19,92.19,92.19,92.19,92.19,92.19,92.19,92.19,92.19,92.19,92.19,92.19,92.19,92.19,92.19,92.19,92.19,157.246,157.246,157.246,157.246,157.246,157.246,157.246,,
ZDBZD-JS-2018-1021731,泰州靖江振亚资源点,启用,泰州,靖江市,2026,7,5574.048,180,180,180,177.12,177.12,180,180,180,180,180,180,180,180,180,180,180,180,,180,180,180,180,180,180,180,180,180,180,180,180,180
ZDBZD-JS-2018-1022442,泰州马甸西义资源点,启用,泰州,泰兴市,2026,1,3781.4668,123.806,123.806,123.806,123.806,123.806,123.806,123.806,123.806,123.806,123.806,123.806,123.806,123.806,123.806,123.806,123.806,123.806,123.806,123.806,123.806,123.806,123.806,123.806,123.398,123.398,123.398,97.478,97.478,123.398,123.398,
ZDBZD-JS-2018-1022442,泰州马甸西义资源点,启用,泰州,泰兴市,2026,2,3584.092,127.741,127.741,127.741,127.741,127.741,127.741,127.741,127.741,127.741,127.741,128.149,128.149,128.149,128.149,128.149,128.149,128.149,128.149,128.149,128.149,128.149,128.149,128.149,128.149,128.149,128.149,128.149,128.149,,,
ZDBZD-JS-2018-1022442,泰州马甸西义资源点,启用,泰州,泰兴市,2026,3,4003.278,129.138,129.138,129.138,129.138,129.138,129.138,129.138,129.138,129.138,129.138,129.138,129.138,129.138,129.138,129.138,129.138,129.138,129.138,129.138,129.138,129.138,129.138,129.138,129.138,129.138,129.138,129.138,129.138,129.138,129.138,129.138
ZDBZD-JS-2018-1022442,泰州马甸西义资源点,启用,泰州,泰兴市,2026,4,3919.29,130.643,130.643,130.643,130.643,130.643,130.643,130.643,130.643,130.643,130.643,130.643,130.643,130.643,130.643,130.643,130.643,130.643,130.643,130.643,130.643,130.643,130.643,130.643,130.643,130.643,130.643,130.643,130.643,130.643,130.643,
ZDBZD-JS-2018-1022442,泰州马甸西义资源点,启用,泰州,泰兴市,2026,5,4101.92,132.32,132.32,132.32,132.32,132.32,132.32,132.32,132.32,132.32,132.32,132.32,132.32,132.32,132.32,132.32,132.32,132.32,132.32,132.32,132.32,132.32,132.32,132.32,132.32,132.32,132.32,132.32,132.32,132.32,132.32,132.32
ZDBZD-JS-2018-1022442,泰州马甸西义资源点,启用,泰州,泰兴市,2026,6,4217.925,140.5975,140.5975,140.5975,140.5975,140.5975,140.5975,140.5975,140.5975,140.5975,140.5975,140.5975,140.5975,140.5975,140.5975,140.5975,140.5975,140.5975,140.5975,140.5975,140.5975,140.5975,140.5975,140.5975,140.5975,140.5975,140.5975,140.5975,140.5975,140.5975,,
ZDBZD-JS-2018-1022442,泰州马甸西义资源点,启用,泰州,泰兴市,2026,7,4573.7648,148.488,148.488,148.488,134.28,134.28,148.488,148.488,148.488,148.488,148.488,148.488,148.488,148.488,148.488,148.488,148.488,148.488,,148.488,148.488,148.488,148.488,148.488,148.488,148.488,148.488,148.488,148.488,148.488,148.488,148.488
ZDBZD-JS-2019-014558,江神化工铁塔资源点,启用,泰州,泰兴市,2026,1,7020.7312,233.832,233.832,233.832,233.832,233.832,233.832,233.832,233.832,233.832,233.832,233.832,233.832,233.832,233.832,233.832,233.832,233.832,233.832,233.832,233.832,233.832,233.832,233.832,224.52,224.52,224.52,146.76,146.76,224.52,224.52,
ZDBZD-JS-2019-014558,江神化工铁塔资源点,启用,泰州,泰兴市,2026,2,6467.04,230.58,230.58,230.58,230.58,230.58,230.58,230.58,230.58,230.58,230.58,231.18,231.18,231.18,231.18,231.18,231.18,231.18,231.18,231.18,231.18,231.18,231.18,231.18,231.18,231.18,231.18,231.18,231.18,,,
ZDBZD-JS-2019-014558,江神化工铁塔资源点,启用,泰州,泰兴市,2026,3,7209.36,232.56,232.56,232.56,232.56,232.56,232.56,232.56,232.56,232.56,232.56,232.56,232.56,232.56,232.56,232.56,232.56,232.56,232.56,232.56,232.56,232.56,232.56,232.56,232.56,232.56,232.56,232.56,232.56,232.56,232.56,232.56
ZDBZD-JS-2019-014558,江神化工铁塔资源点,启用,泰州,泰兴市,2026,4,7039.8,234.66,234.66,234.66,234.66,234.66,234.66,234.66,234.66,234.66,234.66,234.66,234.66,234.66,234.66,234.66,234.66,234.66,234.66,234.66,234.66,234.66,234.66,234.66,234.66,234.66,234.66,234.66,234.66,234.66,234.66,
ZDBZD-JS-2019-014558,江神化工铁塔资源点,启用,泰州,泰兴市,2026,5,7347,237,237,237,237,237,237,237,237,237,237,237,237,237,237,237,237,237,237,237,237,237,237,237,237,237,237,237,237,237,237,237
ZDBZD-JS-2019-014558,江神化工铁塔资源点,启用,泰州,泰兴市,2026,6,7456.5,248.55,248.55,248.55,248.55,248.55,248.55,248.55,248.55,248.55,248.55,248.55,248.55,248.55,248.55,248.55,248.55,248.55,248.55,248.55,248.55,248.55,248.55,248.55,248.55,248.55,248.55,248.55,248.55,248.55,,
ZDBZD-JS-2019-014558,江神化工铁塔资源点,启用,泰州,泰兴市,2026,7,8040.408,259.56,259.56,259.56,256.68,256.68,259.56,259.56,259.56,259.56,259.56,259.56,259.56,259.56,259.56,259.56,259.56,259.56,,259.56,259.56,259.56,259.56,259.56,259.56,259.56,259.56,259.56,259.56,259.56,259.56,259.56
ZDBZD-JS-2019-023229,泰州乌巾走廊资源点,启用,泰州,兴化市,2026,1,3154.4732,102.35,102.35,102.35,102.35,102.35,102.35,102.35,102.35,102.35,102.35,102.35,102.35,102.35,102.35,102.35,102.35,102.35,102.35,102.35,102.35,102.35,102.35,102.35,102.278,102.278,102.278,93.638,93.638,102.278,102.278,
ZDBZD-JS-2019-023229,泰州乌巾走廊资源点,启用,泰州,兴化市,2026,2,2986.684,106.621,106.621,106.621,106.621,106.621,106.621,106.621,106.621,106.621,106.621,106.693,106.693,106.693,106.693,106.693,106.693,106.693,106.693,106.693,106.693,106.693,106.693,106.693,106.693,106.693,106.693,106.693,106.693,,,
ZDBZD-JS-2019-023229,泰州乌巾走廊资源点,启用,泰州,兴化市,2026,3,3338.142,107.682,107.682,107.682,107.682,107.682,107.682,107.682,107.682,107.682,107.682,107.682,107.682,107.682,107.682,107.682,107.682,107.682,107.682,107.682,107.682,107.682,107.682,107.682,107.682,107.682,107.682,107.682,107.682,107.682,107.682,107.682
ZDBZD-JS-2019-023229,泰州乌巾走廊资源点,启用,泰州,兴化市,2026,4,3275.61,109.187,109.187,109.187,109.187,109.187,109.187,109.187,109.187,109.187,109.187,109.187,109.187,109.187,109.187,109.187,109.187,109.187,109.187,109.187,109.187,109.187,109.187,109.187,109.187,109.187,109.187,109.187,109.187,109.187,109.187,
ZDBZD-JS-2019-023229,泰州乌巾走廊资源点,启用,泰州,兴化市,2026,5,3436.784,110.864,110.864,110.864,110.864,110.864,110.864,110.864,110.864,110.864,110.864,110.864,110.864,110.864,110.864,110.864,110.864,110.864,110.864,110.864,110.864,110.864,110.864,110.864,110.864,110.864,110.864,110.864,110.864,110.864,110.864,110.864
ZDBZD-JS-2019-023229,泰州乌巾走廊资源点,启用,泰州,兴化市,2026,6,3574.245,119.1415,119.1415,119.1415,119.1415,119.1415,119.1415,119.1415,119.1415,119.1415,119.1415,119.1415,119.1415,119.1415,119.1415,119.1415,119.1415,119.1415,119.1415,119.1415,119.1415,119.1415,119.1415,119.1415,119.1415,119.1415,119.1415,119.1415,119.1415,119.1415,,
ZDBZD-JS-2019-023229,泰州乌巾走廊资源点,启用,泰州,兴化市,2026,7,3937.992,127.032,127.032,127.032,127.032,127.032,127.032,127.032,127.032,127.032,127.032,127.032,127.032,127.032,127.032,127.032,127.032,127.032,,127.032,127.032,127.032,127.032,127.032,127.032,127.032,127.032,127.032,127.032,127.032,127.032,127.032
ZDBZD-JS-2019-024888,泰州兴化市徐扬南铁塔资源点,启用,泰州,兴化市,2026,1,3721.3392,123.672,123.672,123.672,123.672,123.672,123.672,123.672,123.672,123.672,123.672,123.672,123.672,123.672,123.672,123.672,123.672,123.672,123.672,123.672,123.672,123.672,123.672,123.672,114.6,114.6,128.28,85.08,85.08,114.6,114.6,
ZDBZD-JS-2019-024888,泰州兴化市徐扬南铁塔资源点,启用,泰州,兴化市,2026,2,3384.96,120.66,120.66,120.66,120.66,120.66,120.66,120.66,120.66,120.66,120.66,121.02,121.02,121.02,121.02,121.02,121.02,121.02,121.02,121.02,121.02,121.02,121.02,121.02,121.02,121.02,121.02,121.02,121.02,,,
ZDBZD-JS-2019-024888,泰州兴化市徐扬南铁塔资源点,启用,泰州,兴化市,2026,3,3794.4,122.4,122.4,122.4,122.4,122.4,122.4,122.4,122.4,122.4,122.4,122.4,122.4,122.4,122.4,122.4,122.4,122.4,122.4,122.4,122.4,122.4,122.4,122.4,122.4,122.4,122.4,122.4,122.4,122.4,122.4,122.4
ZDBZD-JS-2019-024888,泰州兴化市徐扬南铁塔资源点,启用,泰州,兴化市,2026,4,3735,124.5,124.5,124.5,124.5,124.5,124.5,124.5,124.5,124.5,124.5,124.5,124.5,124.5,124.5,124.5,124.5,124.5,124.5,124.5,124.5,124.5,124.5,124.5,124.5,124.5,124.5,124.5,124.5,124.5,124.5,
ZDBZD-JS-2019-024888,泰州兴化市徐扬南铁塔资源点,启用,泰州,兴化市,2026,5,3932.04,126.84,126.84,126.84,126.84,126.84,126.84,126.84,126.84,126.84,126.84,126.84,126.84,126.84,126.84,126.84,126.84,126.84,126.84,126.84,126.84,126.84,126.84,126.84,126.84,126.84,126.84,126.84,126.84,126.84,126.84,126.84
ZDBZD-JS-2019-024888,泰州兴化市徐扬南铁塔资源点,启用,泰州,兴化市,2026,6,4151.7,138.39,138.39,138.39,138.39,138.39,138.39,138.39,138.39,138.39,138.39,138.39,138.39,138.39,138.39,138.39,138.39,138.39,138.39,138.39,138.39,138.39,138.39,138.39,138.39,138.39,138.39,138.39,138.39,138.39,,
ZDBZD-JS-2019-024888,泰州兴化市徐扬南铁塔资源点,启用,泰州,兴化市,2026,7,4625.448,149.4,149.4,149.4,146.52,146.52,149.4,149.4,149.4,149.4,149.4,149.4,149.4,149.4,149.4,149.4,149.4,149.4,,149.4,149.4,149.4,149.4,149.4,149.4,149.4,149.4,149.4,149.4,149.4,149.4,149.4
ZDBZD-JS-2019-103102,陈堡花沈搬迁,启用,泰州,兴化市,2026,1,1074.5096,35.2544,35.2544,35.2544,35.2544,35.2544,35.2544,35.2544,35.2544,35.2544,35.2544,35.2544,35.2544,35.2544,35.2544,35.2544,35.2544,35.2544,35.2544,35.2544,35.2544,35.2544,35.2544,35.2544,35.1824,35.1824,35.1824,26.5424,26.5424,35.1824,35.1824,
ZDBZD-JS-2019-103102,陈堡花沈搬迁,启用,泰州,兴化市,2026,2,1106.3104,39.4648,39.4648,39.4648,39.4648,39.4648,39.4648,39.4648,39.4648,39.4648,39.4648,39.5368,39.5368,39.5368,39.5368,39.5368,39.5368,39.5368,39.5368,39.5368,39.5368,39.5368,39.5368,39.5368,39.5368,39.5368,39.5368,39.5368,39.5368,,,
ZDBZD-JS-2019-103102,陈堡花沈搬迁,启用,泰州,兴化市,2026,3,1255.872,40.512,40.512,40.512,40.512,40.512,40.512,40.512,40.512,40.512,40.512,40.512,40.512,40.512,40.512,40.512,40.512,40.512,40.512,40.512,40.512,40.512,40.512,40.512,40.512,40.512,40.512,40.512,40.512,40.512,40.512,40.512
ZDBZD-JS-2019-103102,陈堡花沈搬迁,启用,泰州,兴化市,2026,4,1434.696,41.996,41.996,41.996,41.996,41.996,41.996,41.996,41.996,41.996,41.996,41.996,41.996,41.996,41.996,41.996,41.996,41.996,41.996,41.996,41.996,41.996,41.996,41.996,41.996,41.996,41.996,59.42,94.46,94.46,94.46,
ZDBZD-JS-2019-103102,陈堡花沈搬迁,启用,泰州,兴化市,2026,5,2979.5216,96.1136,96.1136,96.1136,96.1136,96.1136,96.1136,96.1136,96.1136,96.1136,96.1136,96.1136,96.1136,96.1136,96.1136,96.1136,96.1136,96.1136,96.1136,96.1136,96.1136,96.1136,96.1136,96.1136,96.1136,96.1136,96.1136,96.1136,96.1136,96.1136,96.1136,96.1136
ZDBZD-JS-2019-103102,陈堡花沈搬迁,启用,泰州,兴化市,2026,6,3128.268,104.2756,104.2756,104.2756,104.2756,104.2756,104.2756,104.2756,104.2756,104.2756,104.2756,104.2756,104.2756,104.2756,104.2756,104.2756,104.2756,104.2756,104.2756,104.2756,104.2756,104.2756,104.2756,104.2756,104.2756,104.2756,104.2756,104.2756,104.2756,104.2756,,
ZDBZD-JS-2019-103102,陈堡花沈搬迁,启用,泰州,兴化市,2026,7,3473.736,112.056,112.056,112.056,112.056,112.056,112.056,112.056,112.056,112.056,112.056,112.056,112.056,112.056,112.056,112.056,112.056,112.056,,112.056,112.056,112.056,112.056,112.056,112.056,112.056,112.056,112.056,112.056,112.056,112.056,112.056
ZDBZD-JS-2020-014387,巨腾药业,启用,泰州,高港区,2026,1,3943.0512,130.752,130.752,130.752,130.752,130.752,130.752,130.752,130.752,130.752,130.752,130.752,130.752,130.752,130.752,130.752,130.752,130.752,130.752,130.752,130.752,130.752,130.752,130.752,130.32,130.32,130.32,78.48,78.48,130.32,130.32,
ZDBZD-JS-2020-014387,巨腾药业,启用,泰州,高港区,2026,2,3656.736,130.32,130.32,130.32,130.32,130.32,130.32,130.32,130.32,130.32,130.32,130.752,130.752,130.752,130.752,130.752,130.752,130.752,130.752,130.752,130.752,130.752,130.752,130.752,130.752,130.752,130.752,130.752,130.752,,,
ZDBZD-JS-2020-014387,巨腾药业,启用,泰州,高港区,2026,3,3923.712,130.752,130.752,130.752,130.752,130.752,130.752,130.752,130.752,130.752,130.752,130.752,130.752,130.752,130.752,130.752,130.752,130.752,130.752,130.752,130.752,130.752,130.752,116.352,116.352,116.352,116.352,116.352,116.352,116.352,116.352,116.352
ZDBZD-JS-2020-014387,巨腾药业,启用,泰州,高港区,2026,4,3490.56,116.352,116.352,116.352,116.352,116.352,116.352,116.352,116.352,116.352,116.352,116.352,116.352,116.352,116.352,116.352,116.352,116.352,116.352,116.352,116.352,116.352,116.352,116.352,116.352,116.352,116.352,116.352,116.352,116.352,116.352,
ZDBZD-JS-2020-014387,巨腾药业,启用,泰州,高港区,2026,5,3606.912,116.352,116.352,116.352,116.352,116.352,116.352,116.352,116.352,116.352,116.352,116.352,116.352,116.352,116.352,116.352,116.352,116.352,116.352,116.352,116.352,116.352,116.352,116.352,116.352,116.352,116.352,116.352,116.352,116.352,116.352,116.352
ZDBZD-JS-2020-014387,巨腾药业,启用,泰州,高港区,2026,6,3490.56,116.352,116.352,116.352,116.352,116.352,116.352,116.352,116.352,116.352,116.352,116.352,116.352,116.352,116.352,116.352,116.352,116.352,116.352,116.352,116.352,116.352,116.352,116.352,116.352,116.352,116.352,116.352,116.352,116.352,,
ZDBZD-JS-2020-014387,巨腾药业,启用,泰州,高港区,2026,7,3923.36,116.352,116.352,116.352,116.352,116.352,116.352,116.352,116.352,116.352,116.352,116.352,116.352,116.352,116.352,116.352,116.352,116.352,,116.352,116.352,144.192,144.192,144.192,144.192,144.192,144.192,144.192,144.192,144.192,144.192,144.192
ZDBZD-JS-2024-059889,张甸角钢塔,启用,泰州,姜堰区,2026,1,2926.152,98.424,98.424,98.424,98.424,98.424,98.424,98.424,98.424,98.424,98.424,98.424,98.424,98.424,98.424,98.424,98.424,98.424,98.424,98.424,98.424,98.424,98.424,98.424,97.92,97.92,97.92,37.44,37.44,97.92,97.92,97.92
ZDBZD-JS-2024-059889,张甸角钢塔,启用,泰州,姜堰区,2026,2,2750.832,97.92,97.92,97.92,97.92,97.92,97.92,97.92,97.92,97.92,97.92,98.424,98.424,98.424,98.424,98.424,98.424,98.424,98.424,98.424,98.424,98.424,98.424,98.424,98.424,98.424,98.424,98.424,98.424,,,
ZDBZD-JS-2024-059889,张甸角钢塔,启用,泰州,姜堰区,2026,3,3051.144,98.424,98.424,98.424,98.424,98.424,98.424,98.424,98.424,98.424,98.424,98.424,98.424,98.424,98.424,98.424,98.424,98.424,98.424,98.424,98.424,98.424,98.424,98.424,98.424,98.424,98.424,98.424,98.424,98.424,98.424,98.424
ZDBZD-JS-2024-059889,张甸角钢塔,启用,泰州,姜堰区,2026,4,2952.72,98.424,98.424,98.424,98.424,98.424,98.424,98.424,98.424,98.424,98.424,98.424,98.424,98.424,98.424,98.424,98.424,98.424,98.424,98.424,98.424,98.424,98.424,98.424,98.424,98.424,98.424,98.424,98.424,98.424,98.424,
ZDBZD-JS-2024-059889,张甸角钢塔,启用,泰州,姜堰区,2026,5,3051.144,98.424,98.424,98.424,98.424,98.424,98.424,98.424,98.424,98.424,98.424,98.424,98.424,98.424,98.424,98.424,98.424,98.424,98.424,98.424,98.424,98.424,98.424,98.424,98.424,98.424,98.424,98.424,98.424,98.424,98.424,98.424
ZDBZD-JS-2024-059889,张甸角钢塔,启用,泰州,姜堰区,2026,6,2952.72,98.424,98.424,98.424,98.424,98.424,98.424,98.424,98.424,98.424,98.424,98.424,98.424,98.424,98.424,98.424,98.424,98.424,98.424,98.424,98.424,98.424,98.424,98.424,98.424,98.424,98.424,98.424,98.424,98.424,,
ZDBZD-JS-2024-059889,张甸角钢塔,启用,泰州,姜堰区,2026,7,2999.56,98.424,98.424,98.424,98.424,85.944,85.944,85.944,85.944,98.424,98.424,98.424,98.424,98.424,98.424,98.424,98.424,98.424,,98.424,98.424,98.424,98.424,98.424,98.424,98.424,98.424,98.424,98.424,98.424,98.424,98.424
ZDBZD-JS-2025-002255,鑫龙家园莲花六号小区位置点,启用,泰州,海陵区,2026,1,2628.0312,87.192,87.192,87.192,87.192,87.192,87.192,87.192,87.192,87.192,87.192,87.192,87.192,87.192,87.192,87.192,87.192,87.192,87.192,87.192,87.192,87.192,87.192,87.192,82.8,82.8,82.8,61.92,61.92,82.8,82.8,
ZDBZD-JS-2025-002255,鑫龙家园莲花六号小区位置点,启用,泰州,海陵区,2026,2,2319.696,82.8,82.8,82.8,82.8,82.8,82.8,82.8,82.8,82.8,82.8,82.872,82.872,82.872,82.872,82.872,82.872,82.872,82.872,82.872,82.872,82.872,82.872,82.872,82.872,82.872,82.872,82.872,82.872,,,
ZDBZD-JS-2025-002255,鑫龙家园莲花六号小区位置点,启用,泰州,海陵区,2026,3,2569.032,82.872,82.872,82.872,82.872,82.872,82.872,82.872,82.872,82.872,82.872,82.872,82.872,82.872,82.872,82.872,82.872,82.872,82.872,82.872,82.872,82.872,82.872,82.872,82.872,82.872,82.872,82.872,82.872,82.872,82.872,82.872
ZDBZD-JS-2025-002255,鑫龙家园莲花六号小区位置点,启用,泰州,海陵区,2026,4,2525.04,82.872,82.872,82.872,82.872,82.872,82.872,82.872,82.872,82.872,82.872,82.872,82.872,82.872,82.872,82.872,82.872,82.872,82.872,82.872,82.872,82.872,87.192,87.192,87.192,87.192,87.192,87.192,87.192,87.192,87.192,
ZDBZD-JS-2025-002255,鑫龙家园莲花六号小区位置点,启用,泰州,海陵区,2026,5,2702.952,87.192,87.192,87.192,87.192,87.192,87.192,87.192,87.192,87.192,87.192,87.192,87.192,87.192,87.192,87.192,87.192,87.192,87.192,87.192,87.192,87.192,87.192,87.192,87.192,87.192,87.192,87.192,87.192,87.192,87.192,87.192
ZDBZD-JS-2025-002255,鑫龙家园莲花六号小区位置点,启用,泰州,海陵区,2026,6,2615.76,87.192,87.192,87.192,87.192,87.192,87.192,87.192,87.192,87.192,87.192,87.192,87.192,87.192,87.192,87.192,87.192,87.192,87.192,87.192,87.192,87.192,87.192,87.192,87.192,87.192,87.192,87.192,87.192,87.192,,
ZDBZD-JS-2025-002255,鑫龙家园莲花六号小区位置点,启用,泰州,海陵区,2026,7,2702.952,87.192,87.192,87.192,87.192,87.192,87.192,87.192,87.192,87.192,87.192,87.192,87.192,87.192,87.192,87.192,87.192,87.192,,87.192,87.192,87.192,87.192,87.192,87.192,87.192,87.192,87.192,87.192,87.192,87.192,87.192
