"billing_point_name","billing_point_code","city_code","period","payment_total_kwh","payment_amount","payment_days","external_yoy_ratio","external_mom_ratio","external_rated_ratio","system_audit_status","system_over_limit_type","system_current_daily","system_yoy_result","system_yoy_ratio","system_yoy_threshold","system_yoy_reference_period","system_yoy_c","system_yoy_a","system_yoy_b","yoy_reference_benchmark_first_day","yoy_candidate_ratio_reference_first_day","system_yoy_k","system_mom_result","system_mom_ratio","system_mom_threshold","system_mom_reference_period","system_mom_c","system_mom_a","system_mom_b","mom_reference_benchmark_first_day","mom_candidate_ratio_reference_first_day","system_mom_k","system_rated_result","system_rated_ratio","system_rated_threshold","external_yoy_result","external_mom_result","external_rated_result","yoy_compare","yoy_ratio_diff","mom_compare","mom_ratio_diff","rated_compare","rated_ratio_diff","difference_reason_candidate"
"巨腾药业","ZDBZD-JS-2020-014387","321200","2024-04","992.756040","770.380000","12","NULL","NULL","NULL","NORMAL","NONE","82.730000","NA","NULL","NULL","NULL","NULL","326.880000","NULL","NULL","NULL","NULL","NA","NULL","NULL","2023-07","77.829109","326.880000","NULL","NULL","NULL","NULL","NORMAL","0.000000","3922.560000","NORMAL","NORMAL","NORMAL","MATCH","0.000000","MATCH","0.000000","MATCH","0.000000","一致"
"巨腾药业","ZDBZD-JS-2020-014387","321200","2024-05","2842.804899","2174.750000","31","NULL","NULL","NULL","NORMAL","NONE","91.700000","NA","NULL","NULL","NULL","NULL","137.515355","NULL","NULL","NULL","NULL","NORMAL","0.000000","99.280000","2024-04","82.729670","137.515355","326.880000","130.752000","NULL","1.000000","NORMAL","0.000000","4262.976000","NORMAL","NORMAL","NORMAL","MATCH","0.000000","MATCH","0.000000","MATCH","0.000000","一致"
"巨腾药业","ZDBZD-JS-2020-014387","321200","2024-06","2762.318831","2118.700000","30","NULL","NULL","NULL","NORMAL","NONE","92.080000","NA","NULL","NULL","NULL","NULL","156.960000","NULL","NULL","NULL","NULL","NORMAL","0.000000","125.600000","2024-05","91.703384","156.960000","137.515355","130.752000","NULL","1.141400","NORMAL","0.000000","4708.800000","NORMAL","NORMAL","NORMAL","MATCH","0.000000","MATCH","0.000000","MATCH","0.000000","一致"
"巨腾药业","ZDBZD-JS-2020-014387","321200","2024-07","2910.873712","2218.090000","31","NULL","NULL","NULL","NORMAL","NONE","93.900000","NA","NULL","NULL","2023-07","77.829109","156.960000","NULL","NULL","NULL","NULL","NORMAL","0.000000","110.490000","2024-06","92.077294","156.960000","156.960000","156.960000","NULL","1.000000","NORMAL","0.000000","4865.760000","NORMAL","NORMAL","NORMAL","MATCH","0.000000","MATCH","0.000000","MATCH","0.000000","一致"
"巨腾药业","ZDBZD-JS-2020-014387","321200","2024-08","2911.188005","2247.440000","31","NULL","NULL","NULL","NORMAL","NONE","93.910000","NA","NULL","NULL","NULL","NULL","156.960000","NULL","NULL","NULL","NULL","NORMAL","0.000000","112.680000","2024-07","93.899152","156.960000","156.960000","156.960000","NULL","1.000000","NORMAL","0.000000","4865.760000","NORMAL","NORMAL","NORMAL","MATCH","0.000000","MATCH","0.000000","MATCH","0.000000","一致"
"巨腾药业","ZDBZD-JS-2020-014387","321200","2024-09","2705.540475","2050.800000","30","NULL","NULL","NULL","NORMAL","NONE","90.180000","NA","NULL","NULL","NULL","NULL","156.960000","NULL","NULL","NULL","NULL","NORMAL","0.000000","112.690000","2024-08","93.909290","156.960000","156.960000","156.960000","NULL","1.000000","NORMAL","0.000000","4708.800000","NORMAL","NORMAL","NORMAL","MATCH","0.000000","MATCH","0.000000","MATCH","0.000000","一致"
"巨腾药业","ZDBZD-JS-2020-014387","321200","2024-10","2805.359482","2089.990000","31","NULL","NULL","NULL","NORMAL","NONE","90.500000","NA","NULL","NULL","NULL","NULL","156.960000","NULL","NULL","NULL","NULL","NORMAL","0.000000","108.220000","2024-09","90.184683","156.960000","156.960000","156.960000","NULL","1.000000","NORMAL","0.000000","4865.760000","NORMAL","NORMAL","NORMAL","MATCH","0.000000","MATCH","0.000000","MATCH","0.000000","一致"
"巨腾药业","ZDBZD-JS-2020-014387","321200","2024-11","2762.330000","2114.140000","30","NULL","NULL","NULL","NORMAL","NONE","92.080000","NA","NULL","NULL","NULL","NULL","154.339200","NULL","NULL","NULL","NULL","NORMAL","0.000000","108.590000","2024-10","90.495467","154.339200","156.960000","156.960000","NULL","1.000000","NORMAL","0.000000","4630.176000","NORMAL","NORMAL","NORMAL","MATCH","0.000000","MATCH","0.000000","MATCH","0.000000","一致"
"巨腾药业","ZDBZD-JS-2020-014387","321200","2024-12","2834.680000","2211.210000","31","NULL","NULL","NULL","NORMAL","NONE","91.440000","NA","NULL","NULL","NULL","NULL","151.887484","NULL","NULL","NULL","NULL","NORMAL","0.000000","110.490000","2024-11","92.077667","151.887484","154.339200","156.960000","NULL","1.000000","NORMAL","0.000000","4708.512000","NORMAL","NORMAL","NORMAL","MATCH","0.000000","MATCH","0.000000","MATCH","0.000000","一致"
"巨腾药业","ZDBZD-JS-2020-014387","321200","2025-01","2698.420000","2194.940000","31","NULL","NULL","NULL","NORMAL","NONE","87.050000","NA","NULL","NULL","NULL","NULL","130.752000","NULL","NULL","NULL","NULL","NORMAL","0.000000","109.730000","2024-12","91.441290","130.752000","151.887484","156.960000","NULL","1.000000","NORMAL","0.000000","4053.312000","NORMAL","NORMAL","NORMAL","MATCH","0.000000","MATCH","0.000000","MATCH","0.000000","一致"
"巨腾药业","ZDBZD-JS-2020-014387","321200","2025-02","2519.440000","1941.730000","28","NULL","NULL","NULL","NORMAL","NONE","89.980000","NA","NULL","NULL","NULL","NULL","130.752000","NULL","NULL","NULL","NULL","NORMAL","0.000000","104.450000","2025-01","87.045806","130.752000","130.752000","130.752000","NULL","1.000000","NORMAL","0.000000","3661.056000","NORMAL","NORMAL","NORMAL","MATCH","0.000000","MATCH","0.000000","MATCH","0.000000","一致"
"巨腾药业","ZDBZD-JS-2020-014387","321200","2025-03","2729.020000","1968.990000","31","NULL","NULL","NULL","NORMAL","NONE","88.030000","NA","NULL","NULL","NULL","NULL","130.752000","NULL","NULL","NULL","NULL","NORMAL","0.000000","107.980000","2025-02","89.980000","130.752000","130.752000","130.752000","NULL","1.000000","NORMAL","0.000000","4053.312000","NORMAL","NORMAL","NORMAL","MATCH","0.000000","MATCH","0.000000","MATCH","0.000000","一致"
"巨腾药业","ZDBZD-JS-2020-014387","321200","2025-04","2610.250000","1865.810000","30","NULL","NULL","NULL","NORMAL","NONE","87.010000","NORMAL","0.000000","99.280000","2024-04","82.729670","130.752000","326.880000","130.752000","NULL","1.000000","NORMAL","0.000000","105.640000","2025-03","88.032903","130.752000","130.752000","130.752000","NULL","1.000000","NORMAL","0.000000","3922.560000","NORMAL","NORMAL","NORMAL","MATCH","0.000000","MATCH","0.000000","MATCH","0.000000","一致"
"巨腾药业","ZDBZD-JS-2020-014387","321200","2025-05","2761.300000","1987.580000","31","NULL","NULL","NULL","NORMAL","NONE","89.070000","NORMAL","0.000000","110.040000","2024-05","91.703384","130.752000","137.515355","130.752000","NULL","1.000000","NORMAL","0.000000","104.410000","2025-04","87.008333","130.752000","130.752000","130.752000","NULL","1.000000","NORMAL","0.000000","4053.312000","NORMAL","NORMAL","NORMAL","MATCH","0.000000","MATCH","0.000000","MATCH","0.000000","一致"
"巨腾药业","ZDBZD-JS-2020-014387","321200","2025-06","2806.720000","2003.440000","30","NULL","NULL","NULL","NORMAL","NONE","93.560000","NORMAL","0.000000","110.490000","2024-06","92.077294","130.752000","156.960000","156.960000","NULL","1.000000","NORMAL","0.000000","106.890000","2025-05","89.074194","130.752000","130.752000","130.752000","NULL","1.000000","NORMAL","0.000000","3922.560000","NORMAL","NORMAL","NORMAL","MATCH","0.000000","MATCH","0.000000","MATCH","0.000000","一致"
"巨腾药业","ZDBZD-JS-2020-014387","321200","2025-07","2932.190000","2209.410000","31","NULL","NULL","NULL","NORMAL","NONE","94.590000","NORMAL","0.000000","112.680000","2024-07","93.899152","130.752000","156.960000","156.960000","NULL","1.000000","NORMAL","0.000000","112.270000","2025-06","93.557333","130.752000","130.752000","130.752000","NULL","1.000000","NORMAL","0.000000","4053.312000","NORMAL","NORMAL","NORMAL","MATCH","0.000000","MATCH","0.000000","MATCH","0.000000","一致"
"巨腾药业","ZDBZD-JS-2020-014387","321200","2025-08","2966.140000","2245.960000","31","NULL","NULL","NULL","NORMAL","NONE","95.680000","NORMAL","0.000000","112.690000","2024-08","93.909290","128.382968","156.960000","156.960000","NULL","1.000000","NORMAL","0.000000","113.500000","2025-07","94.586774","128.382968","130.752000","130.752000","NULL","1.000000","NORMAL","0.000000","3979.872000","NORMAL","NORMAL","NORMAL","MATCH","0.000000","MATCH","0.000000","MATCH","0.000000","一致"
"巨腾药业","ZDBZD-JS-2020-014387","321200","2025-09","3255.000000","2377.450000","30","0.260000","NULL","NULL","OVER_LIMIT","ONLY_YOY","108.500000","OVER_LIMIT","0.258732","108.220000","2024-09","90.184683","130.752000","156.960000","156.960000","0.257232","1.000000","NORMAL","0.000000","116.940000","2025-08","95.681935","130.752000","128.382968","130.752000","NULL","1.018453","NORMAL","0.000000","3922.560000","OVER_LIMIT","NORMAL","NORMAL","MATCH","0.001268","MATCH","0.000000","MATCH","0.000000","一致"
"巨腾药业","ZDBZD-JS-2020-014387","321200","2025-10","2847.466622","2024.550000","31","NULL","NULL","NULL","NORMAL","NONE","91.850000","NORMAL","0.000000","108.590000","2024-10","90.495467","128.032000","156.960000","156.960000","NULL","1.000000","NORMAL","0.000000","130.200000","2025-09","108.500000","128.032000","130.752000","130.752000","NULL","1.000000","NORMAL","0.000000","3968.992000","NORMAL","NORMAL","NORMAL","MATCH","0.000000","MATCH","0.000000","MATCH","0.000000","一致"
"巨腾药业","ZDBZD-JS-2020-014387","321200","2025-11","2676.460000","1924.370000","30","NULL","NULL","NULL","NORMAL","NONE","89.220000","NORMAL","0.000000","110.490000","2024-11","92.077667","130.752000","154.339200","156.960000","NULL","1.000000","NORMAL","0.000000","112.570000","2025-10","91.853762","130.752000","128.032000","130.752000","NULL","1.021245","NORMAL","0.000000","3922.560000","NORMAL","NORMAL","NORMAL","MATCH","0.000000","MATCH","0.000000","MATCH","0.000000","一致"
"巨腾药业","ZDBZD-JS-2020-014387","321200","2025-12","2777.590000","1999.060000","31","NULL","NULL","NULL","NORMAL","NONE","89.600000","NORMAL","0.000000","109.730000","2024-12","91.441290","127.379613","151.887484","156.960000","NULL","1.000000","NORMAL","0.000000","107.060000","2025-11","89.215333","127.379613","130.752000","130.752000","NULL","1.000000","NORMAL","0.000000","3948.768000","NORMAL","NORMAL","NORMAL","MATCH","0.000000","MATCH","0.000000","MATCH","0.000000","一致"
"巨腾药业","ZDBZD-JS-2020-014387","321200","2026-01","2714.024460","1878.640000","31","NULL","NULL","NULL","NORMAL","NONE","87.550000","NORMAL","0.000000","104.450000","2025-01","87.045806","127.195200","130.752000","130.752000","NULL","1.000000","NORMAL","0.000000","107.520000","2025-12","89.599677","127.195200","127.379613","130.752000","NULL","1.000000","NORMAL","0.000000","3943.051200","NORMAL","NORMAL","NORMAL","MATCH","0.000000","MATCH","0.000000","MATCH","0.000000","一致"
"巨腾药业","ZDBZD-JS-2020-014387","321200","2026-02","2394.705305","1685.350000","28","NULL","NULL","NULL","NORMAL","NONE","85.530000","NORMAL","0.000000","107.980000","2025-02","89.980000","130.597714","130.752000","130.752000","NULL","1.000000","NORMAL","0.000000","107.870000","2026-01","87.549176","130.597714","127.195200","130.752000","NULL","1.026750","NORMAL","0.000000","3656.736000","NORMAL","NORMAL","NORMAL","MATCH","0.000000","MATCH","0.000000","MATCH","0.000000","一致"
"巨腾药业","ZDBZD-JS-2020-014387","321200","2026-03","2598.970353","1734.800000","31","NULL","NULL","NULL","NORMAL","NONE","83.840000","NORMAL","0.000000","105.640000","2025-03","88.032903","126.571355","130.752000","130.752000","NULL","1.000000","NORMAL","0.000000","102.630000","2026-02","85.525189","126.571355","130.597714","130.320000","NULL","1.000000","NORMAL","0.000000","3923.712000","NORMAL","NORMAL","NORMAL","MATCH","0.000000","MATCH","0.000000","MATCH","0.000000","一致"
"巨腾药业","ZDBZD-JS-2020-014387","321200","2026-04","2536.405300","1648.420000","30","NULL","NULL","NULL","NORMAL","NONE","84.550000","NORMAL","0.000000","104.410000","2025-04","87.008333","116.352000","130.752000","130.752000","NULL","1.000000","NORMAL","0.000000","100.610000","2026-03","83.837753","116.352000","126.571355","130.752000","NULL","1.000000","NORMAL","0.000000","3490.560000","NORMAL","NORMAL","NORMAL","MATCH","0.000000","MATCH","0.000000","MATCH","0.000000","一致"
"巨腾药业","ZDBZD-JS-2020-014387","321200","2026-05","2694.866945","1777.690000","31","NULL","NULL","NULL","NORMAL","NONE","86.930000","NORMAL","0.000000","106.890000","2025-05","89.074194","116.352000","130.752000","130.752000","NULL","1.000000","NORMAL","0.000000","101.460000","2026-04","84.546843","116.352000","116.352000","116.352000","NULL","1.000000","NORMAL","0.000000","3606.912000","NORMAL","NORMAL","NORMAL","MATCH","0.000000","MATCH","0.000000","MATCH","0.000000","一致"
"巨腾药业","ZDBZD-JS-2020-014387","321200","2026-06","2513.040000","1685.030000","30","NULL","NULL","NULL","NORMAL","NONE","83.770000","NORMAL","0.000000","112.270000","2025-06","93.557333","116.352000","130.752000","130.752000","NULL","1.000000","NORMAL","0.000000","104.320000","2026-05","86.931192","116.352000","116.352000","116.352000","NULL","1.000000","NORMAL","0.000000","3490.560000","NORMAL","NORMAL","NORMAL","MATCH","0.000000","MATCH","0.000000","MATCH","0.000000","一致"
"江神化工铁塔资源点","ZDBZD-JS-2019-014558","321200","2024-01","3307.190000","2447.330000","31","NULL","NULL","NULL","NORMAL","NONE","106.680000","NA","NULL","NULL","2023-01","97.748065","230.472000","NULL","NULL","NULL","NULL","NA","NULL","NULL","2023-12","97.600968","230.472000","NULL","NULL","NULL","NULL","NORMAL","0.000000","7144.632000","NORMAL","NORMAL","NORMAL","MATCH","0.000000","MATCH","0.000000","MATCH","0.000000","一致"
"江神化工铁塔资源点","ZDBZD-JS-2019-014558","321200","2024-02","3088.980000","2322.910000","29","NULL","NULL","NULL","NORMAL","NONE","106.520000","NA","NULL","NULL","2023-02","98.640000","236.532000","NULL","NULL","NULL","NULL","NORMAL","0.000000","131.390000","2024-01","106.683548","236.532000","230.472000","230.472000","NULL","1.026294","NORMAL","0.000000","6859.428000","NORMAL","NORMAL","NORMAL","MATCH","0.000000","MATCH","0.000000","MATCH","0.000000","一致"
"江神化工铁塔资源点","ZDBZD-JS-2019-014558","321200","2024-03","3339.530000","2611.510000","31","NULL","NULL","NULL","NORMAL","NONE","107.730000","NA","NULL","NULL","2023-03","102.771290","237.912000","NULL","NULL","NULL","NULL","NORMAL","0.000000","128.570000","2024-02","106.516552","237.912000","236.532000","236.532000","NULL","1.005834","NORMAL","0.000000","7375.272000","NORMAL","NORMAL","NORMAL","MATCH","0.000000","MATCH","0.000000","MATCH","0.000000","一致"
"江神化工铁塔资源点","ZDBZD-JS-2019-014558","321200","2024-04","3294.016445","2559.450000","30","NULL","NULL","NULL","NORMAL","NONE","109.800000","NA","NULL","NULL","2023-04","106.965667","241.278400","NULL","NULL","NULL","NULL","NORMAL","0.000000","131.100000","2024-03","107.726774","241.278400","237.912000","237.912000","NULL","1.014150","NORMAL","0.000000","7238.352000","NORMAL","NORMAL","NORMAL","MATCH","0.000000","MATCH","0.000000","MATCH","0.000000","一致"
"江神化工铁塔资源点","ZDBZD-JS-2019-014558","321200","2024-05","3746.540000","2848.600000","31","NULL","NULL","NULL","NORMAL","NONE","120.860000","NA","NULL","NULL","2023-05","111.905161","243.577548","NULL","NULL","NULL","NULL","NORMAL","0.000000","133.020000","2024-04","109.800548","243.577548","241.278400","240.012000","NULL","1.009529","NORMAL","0.000000","7550.904000","NORMAL","NORMAL","NORMAL","MATCH","0.000000","MATCH","0.000000","MATCH","0.000000","一致"
"江神化工铁塔资源点","ZDBZD-JS-2019-014558","321200","2024-06","3913.120000","2917.690000","30","NULL","NULL","NULL","NORMAL","NONE","130.440000","NA","NULL","NULL","2023-06","115.028667","253.806000","NULL","NULL","NULL","NULL","NORMAL","0.000000","151.120000","2024-05","120.856129","253.806000","243.577548","242.352000","NULL","1.041993","NORMAL","0.000000","7614.180000","NORMAL","NORMAL","NORMAL","MATCH","0.000000","MATCH","0.000000","MATCH","0.000000","一致"
"江神化工铁塔资源点","ZDBZD-JS-2019-014558","321200","2024-07","4337.690000","3222.130000","31","NULL","NULL","NULL","NORMAL","NONE","139.930000","NA","NULL","NULL","2023-07","120.844516","263.750710","NULL","NULL","NULL","NULL","NORMAL","0.000000","162.660000","2024-06","130.437333","263.750710","253.806000","251.022000","NULL","1.039182","NORMAL","0.000000","8176.272000","NORMAL","NORMAL","NORMAL","MATCH","0.000000","MATCH","0.000000","MATCH","0.000000","一致"
"江神化工铁塔资源点","ZDBZD-JS-2019-014558","321200","2024-08","3629.810000","2731.420000","31","NULL","NULL","NULL","NORMAL","NONE","117.090000","NA","NULL","NULL","2023-08","122.544194","264.912000","NULL","NULL","NULL","NULL","NORMAL","0.000000","168.650000","2024-07","139.925484","264.912000","263.750710","264.912000","NULL","1.004403","NORMAL","0.000000","8212.272000","NORMAL","NORMAL","NORMAL","MATCH","0.000000","MATCH","0.000000","MATCH","0.000000","一致"
"江神化工铁塔资源点","ZDBZD-JS-2019-014558","321200","2024-09","3352.350000","2530.190000","30","NULL","NULL","NULL","NORMAL","NONE","111.740000","NA","NULL","NULL","2023-09","114.935000","255.912000","NULL","NULL","NULL","NULL","NORMAL","0.000000","140.510000","2024-08","117.090645","255.912000","264.912000","264.912000","NULL","1.000000","NORMAL","0.000000","7677.360000","NORMAL","NORMAL","NORMAL","MATCH","0.000000","MATCH","0.000000","MATCH","0.000000","一致"
"江神化工铁塔资源点","ZDBZD-JS-2019-014558","321200","2024-10","3137.490000","2347.030000","31","NULL","NULL","NULL","NORMAL","NONE","101.210000","NA","NULL","NULL","2023-10","103.405161","238.101677","NULL","NULL","NULL","NULL","NORMAL","0.000000","134.090000","2024-09","111.745000","238.101677","255.912000","255.912000","NULL","1.000000","NORMAL","0.000000","7381.152000","NORMAL","NORMAL","NORMAL","MATCH","0.000000","MATCH","0.000000","MATCH","0.000000","一致"
"江神化工铁塔资源点","ZDBZD-JS-2019-014558","321200","2024-11","5311.851964","3995.760000","30","45.190000","45.790000","NULL","OVER_LIMIT","ONLY_MOM","177.060000","NA","NULL","NULL","2023-11","101.628333","220.878400","NULL","NULL","NULL","NULL","OVER_LIMIT","45.788390","121.450000","2024-10","101.209355","220.878400","238.101677","247.392000","45.786919","1.000000","NORMAL","0.000000","6626.352000","OVER_LIMIT","OVER_LIMIT","NORMAL","MISMATCH","45.190000","MATCH","0.001610","MATCH","0.000000","同比外部为超标但系统未超标，优先检查参考账期、审核通过和标杆 A/B"
"江神化工铁塔资源点","ZDBZD-JS-2019-014558","321200","2024-12","5419.650000","4100.470000","31","28.800000","NULL","NULL","NORMAL","NONE","174.830000","NA","NULL","NULL","2023-12","97.600968","269.989355","NULL","NULL","NULL","NULL","NORMAL","0.000000","259.720000","2024-11","177.061732","269.989355","220.878400","219.012000","NULL","1.222344","NORMAL","0.000000","8369.670000","OVER_LIMIT","NORMAL","NORMAL","MISMATCH","28.800000","MATCH","0.000000","MATCH","0.000000","同比外部为超标但系统未超标，优先检查参考账期、审核通过和标杆 A/B"
"江神化工铁塔资源点","ZDBZD-JS-2019-014558","321200","2025-01","5352.830000","4066.130000","31","34.880000","NULL","NULL","OVER_LIMIT","ONLY_YOY","172.670000","OVER_LIMIT","34.877363","128.020000","2024-01","106.683548","226.265806","230.472000","230.472000","34.877092","1.000000","NORMAL","0.000000","209.790000","2024-12","174.827419","226.265806","269.989355","214.962000","NULL","1.000000","NORMAL","0.000000","7014.240000","OVER_LIMIT","NORMAL","NORMAL","MATCH","0.002637","MATCH","0.000000","MATCH","0.000000","一致"
"江神化工铁塔资源点","ZDBZD-JS-2019-014558","321200","2025-02","4575.880000","3383.410000","28","27.850000","NULL","NULL","OVER_LIMIT","ONLY_YOY","163.420000","OVER_LIMIT","27.851666","127.820000","2024-02","106.516552","205.780286","236.532000","236.532000","27.851804","1.000000","NORMAL","0.000000","207.210000","2025-01","172.671935","205.780286","226.265806","268.464000","NULL","1.000000","NORMAL","0.000000","5761.848000","OVER_LIMIT","NORMAL","NORMAL","MATCH","0.001666","MATCH","0.000000","MATCH","0.000000","一致"
"江神化工铁塔资源点","ZDBZD-JS-2019-014558","321200","2025-03","5027.360000","3627.740000","31","13.920000","NULL","NULL","OVER_LIMIT","ONLY_YOY","162.170000","OVER_LIMIT","13.532624","142.840000","2024-03","107.726774","262.891355","237.912000","237.912000","13.528698","1.104994","NORMAL","0.000000","250.540000","2025-02","163.424286","262.891355","205.780286","206.004000","NULL","1.277534","NORMAL","0.000000","8149.632000","OVER_LIMIT","NORMAL","NORMAL","MISMATCH","0.387376","MATCH","0.000000","MATCH","0.000000","同比比例偏差，优先检查日均取值、缴费天数、标杆 A/B 和四舍五入"
"江神化工铁塔资源点","ZDBZD-JS-2019-014558","321200","2025-04","4948.680000","3537.320000","30","11.820000","NULL","NULL","OVER_LIMIT","ONLY_YOY","164.960000","OVER_LIMIT","12.408859","146.750000","2024-04","109.800548","268.724000","241.278400","240.012000","11.819976","1.113751","NORMAL","0.000000","198.930000","2025-03","162.172903","268.724000","262.891355","207.384000","NULL","1.022187","NORMAL","0.000000","8061.720000","OVER_LIMIT","NORMAL","NORMAL","MISMATCH","0.588859","MATCH","0.000000","MATCH","0.000000","同比比例偏差，优先检查日均取值、缴费天数、标杆 A/B 和四舍五入"
"江神化工铁塔资源点","ZDBZD-JS-2019-014558","321200","2025-05","5074.130000","3652.360000","31","2.670000","NULL","NULL","OVER_LIMIT","ONLY_YOY","163.680000","OVER_LIMIT","3.183509","158.630000","2024-05","120.856129","266.424000","243.577548","242.352000","2.664183","1.093795","NORMAL","0.000000","197.950000","2025-04","164.956000","266.424000","268.724000","278.004000","NULL","1.000000","NORMAL","0.000000","8259.144000","OVER_LIMIT","NORMAL","NORMAL","MISMATCH","0.513509","MATCH","0.000000","MATCH","0.000000","同比比例偏差，优先检查日均取值、缴费天数、标杆 A/B 和四舍五入"
"江神化工铁塔资源点","ZDBZD-JS-2019-014558","321200","2025-06","5060.690000","3612.830000","30","NULL","NULL","NULL","NORMAL","NONE","168.690000","NORMAL","0.000000","171.430000","2024-06","130.437333","277.974000","253.806000","251.022000","NULL","1.095222","NORMAL","0.000000","204.930000","2025-05","163.681613","277.974000","266.424000","266.424000","NULL","1.043352","NORMAL","0.000000","8339.220000","NORMAL","NORMAL","NORMAL","MATCH","0.000000","MATCH","0.000000","MATCH","0.000000","一致"
"江神化工铁塔资源点","ZDBZD-JS-2019-014558","321200","2025-07","5410.670000","4076.940000","31","NULL","NULL","NULL","NORMAL","NONE","174.540000","NORMAL","0.000000","178.770000","2024-07","139.925484","280.803097","263.750710","264.912000","NULL","1.064653","NORMAL","0.000000","204.490000","2025-06","168.689667","280.803097","277.974000","277.974000","NULL","1.010178","NORMAL","0.000000","8704.896000","NORMAL","NORMAL","NORMAL","MATCH","0.000000","MATCH","0.000000","MATCH","0.000000","一致"
"江神化工铁塔资源点","ZDBZD-JS-2019-014558","321200","2025-08","5250.680000","3976.340000","31","12.020000","NULL","NULL","OVER_LIMIT","ONLY_YOY","169.380000","OVER_LIMIT","12.023810","151.200000","2024-08","117.090645","285.064000","264.912000","264.912000","12.025771","1.076071","NORMAL","0.000000","212.620000","2025-07","174.537742","285.064000","280.803097","288.984000","NULL","1.015174","NORMAL","0.000000","8836.984000","OVER_LIMIT","NORMAL","NORMAL","MATCH","0.003810","MATCH","0.000000","MATCH","0.000000","一致"
"江神化工铁塔资源点","ZDBZD-JS-2019-014558","321200","2025-09","4785.710000","3495.000000","30","8.730000","NULL","NULL","OVER_LIMIT","ONLY_YOY","159.520000","OVER_LIMIT","8.731511","146.710000","2024-09","111.745000","279.984000","255.912000","255.912000","8.733466","1.094064","NORMAL","0.000000","203.250000","2025-08","169.376774","279.984000","285.064000","288.984000","NULL","1.000000","NORMAL","0.000000","8399.520000","OVER_LIMIT","NORMAL","NORMAL","MATCH","0.001511","MATCH","0.000000","MATCH","0.000000","一致"
"江神化工铁塔资源点","ZDBZD-JS-2019-014558","321200","2025-10","4594.580000","3266.750000","31","9.870000","NULL","NULL","OVER_LIMIT","ONLY_YOY","148.210000","OVER_LIMIT","9.874713","134.890000","2024-10","101.209355","264.439111","238.101677","247.392000","14.165680","1.110614","NORMAL","0.000000","191.430000","2025-09","159.523667","264.439111","279.984000","279.984000","NULL","1.000000","NORMAL","0.000000","8197.612441","OVER_LIMIT","NORMAL","NORMAL","MATCH","0.004713","MATCH","0.000000","MATCH","0.000000","一致"
"江神化工铁塔资源点","ZDBZD-JS-2019-014558","321200","2025-11","4235.910000","3045.200000","30","NULL","NULL","NULL","NORMAL","NONE","141.200000","NORMAL","0.000000","242.770000","2024-11","177.061732","252.372000","220.878400","219.012000","NULL","1.142583","NORMAL","0.000000","177.850000","2025-10","148.212258","252.372000","264.439111","271.464000","NULL","1.000000","NORMAL","0.000000","7571.160000","NORMAL","NORMAL","NORMAL","MATCH","0.000000","MATCH","0.000000","MATCH","0.000000","一致"
"江神化工铁塔资源点","ZDBZD-JS-2019-014558","321200","2025-12","4329.480000","3115.780000","31","NULL","NULL","NULL","NORMAL","NONE","139.660000","NORMAL","0.000000","209.790000","2024-12","174.827419","233.519419","269.989355","214.962000","NULL","1.000000","NORMAL","0.000000","169.440000","2025-11","141.197000","233.519419","252.372000","252.372000","NULL","1.000000","NORMAL","0.000000","7239.102000","NORMAL","NORMAL","NORMAL","MATCH","0.000000","MATCH","0.000000","MATCH","0.000000","一致"
"江神化工铁塔资源点","ZDBZD-JS-2019-014558","321200","2026-01","4332.400000","2998.830000","31","NULL","NULL","NULL","NORMAL","NONE","139.750000","NORMAL","0.000000","207.400000","2025-01","172.671935","226.475200","226.265806","268.464000","NULL","1.000925","NORMAL","0.000000","167.590000","2025-12","139.660645","226.475200","233.519419","248.322000","NULL","1.000000","NORMAL","0.000000","7020.731200","NORMAL","NORMAL","NORMAL","MATCH","0.000000","MATCH","0.000000","MATCH","0.000000","一致"
"江神化工铁塔资源点","ZDBZD-JS-2019-014558","321200","2026-02","3953.940000","2782.220000","28","NULL","NULL","NULL","NORMAL","NONE","141.210000","NORMAL","0.000000","220.110000","2025-02","163.424286","230.965714","205.780286","206.004000","NULL","1.122390","NORMAL","0.000000","171.030000","2026-01","139.754839","230.965714","226.475200","233.832000","NULL","1.019828","NORMAL","0.000000","6467.040000","NORMAL","NORMAL","NORMAL","MATCH","0.000000","MATCH","0.000000","MATCH","0.000000","一致"
"江神化工铁塔资源点","ZDBZD-JS-2019-014558","321200","2026-03","4402.160000","2938.560000","31","NULL","NULL","NULL","NORMAL","NONE","142.010000","NORMAL","0.000000","194.610000","2025-03","162.172903","232.560000","262.891355","207.384000","NULL","1.000000","NORMAL","0.000000","170.620000","2026-02","141.212143","232.560000","230.965714","230.580000","NULL","1.006903","NORMAL","0.000000","7209.360000","NORMAL","NORMAL","NORMAL","MATCH","0.000000","MATCH","0.000000","MATCH","0.000000","一致"
"江神化工铁塔资源点","ZDBZD-JS-2019-014558","321200","2026-04","4341.680000","2821.780000","30","NULL","NULL","NULL","NORMAL","NONE","144.720000","NORMAL","0.000000","197.950000","2025-04","164.956000","234.660000","268.724000","278.004000","NULL","1.000000","NORMAL","0.000000","171.940000","2026-03","142.005161","234.660000","232.560000","232.560000","NULL","1.009030","NORMAL","0.000000","7039.800000","NORMAL","NORMAL","NORMAL","MATCH","0.000000","MATCH","0.000000","MATCH","0.000000","一致"
"江神化工铁塔资源点","ZDBZD-JS-2019-014558","321200","2026-05","4878.640000","3218.120000","31","NULL","NULL","NULL","NORMAL","NONE","157.380000","NORMAL","0.000000","196.420000","2025-05","163.681613","237.000000","266.424000","266.424000","NULL","1.000000","NORMAL","0.000000","175.400000","2026-04","144.722667","237.000000","234.660000","234.660000","NULL","1.009972","NORMAL","0.000000","7347.000000","NORMAL","NORMAL","NORMAL","MATCH","0.000000","MATCH","0.000000","MATCH","0.000000","一致"
"江神化工铁塔资源点","ZDBZD-JS-2019-014558","321200","2026-06","5065.990000","3396.640000","30","NULL","NULL","NULL","NORMAL","NONE","168.870000","NORMAL","0.000000","202.430000","2025-06","168.689667","248.550000","277.974000","277.974000","NULL","1.000000","NORMAL","0.000000","198.050000","2026-05","157.375484","248.550000","237.000000","237.000000","NULL","1.048734","NORMAL","0.000000","7456.500000","NORMAL","NORMAL","NORMAL","MATCH","0.000000","MATCH","0.000000","MATCH","0.000000","一致"
"泰州德康电机铁塔资源点","ZDBZD-JS-2018-1018812","321200","2024-01","1029.830000","762.070000","31","NULL","1.780000","NULL","NORMAL","NONE","33.220000","NA","NULL","NULL","2023-01","40.510323","61.697032","NULL","NULL","NULL","NULL","NA","NULL","NULL","2023-12","27.034194","61.697032","NULL","NULL","NULL","NULL","NORMAL","0.000000","1912.608000","NORMAL","OVER_LIMIT","NORMAL","MATCH","0.000000","MISMATCH","1.780000","MATCH","0.000000","环比外部为超标但系统未超标，优先检查审核通过参考账期"
"泰州德康电机铁塔资源点","ZDBZD-JS-2018-1018812","321200","2024-02","989.287500","743.940000","29","NULL","NULL","NULL","NORMAL","NONE","34.110000","NA","NULL","NULL","2023-02","40.094286","61.680000","NULL","NULL","NULL","NULL","NORMAL","0.000000","39.860000","2024-01","33.220323","61.680000","61.697032","61.680000","NULL","1.000000","NORMAL","0.000000","1788.720000","NORMAL","NORMAL","NORMAL","MATCH","0.000000","MATCH","0.000000","MATCH","0.000000","一致"
"泰州德康电机铁塔资源点","ZDBZD-JS-2018-1018812","321200","2024-03","1052.506625","823.060000","31","NULL","NULL","NULL","NORMAL","NONE","33.950000","NA","NULL","NULL","2023-03","40.598065","61.680000","NULL","NULL","NULL","NULL","NORMAL","0.000000","40.940000","2024-02","34.113362","61.680000","61.680000","61.680000","NULL","1.000000","NORMAL","0.000000","1912.080000","NORMAL","NORMAL","NORMAL","MATCH","0.000000","MATCH","0.000000","MATCH","0.000000","一致"
"泰州德康电机铁塔资源点","ZDBZD-JS-2018-1018812","321200","2024-04","999.323750","776.480000","30","NULL","NULL","NULL","NORMAL","NONE","33.310000","NA","NULL","NULL","2023-04","40.929333","61.680000","NULL","NULL","NULL","NULL","NORMAL","0.000000","40.740000","2024-03","33.951827","61.680000","61.680000","61.680000","NULL","1.000000","NORMAL","0.000000","1850.400000","NORMAL","NORMAL","NORMAL","MATCH","0.000000","MATCH","0.000000","MATCH","0.000000","一致"
"泰州德康电机铁塔资源点","ZDBZD-JS-2018-1018812","321200","2024-05","1017.046750","773.360000","31","NULL","NULL","NULL","NORMAL","NONE","32.810000","NA","NULL","NULL","2023-05","41.288710","61.680000","NULL","NULL","NULL","NULL","NORMAL","0.000000","39.970000","2024-04","33.310792","61.680000","61.680000","61.680000","NULL","1.000000","NORMAL","0.000000","1912.080000","NORMAL","NORMAL","NORMAL","MATCH","0.000000","MATCH","0.000000","MATCH","0.000000","一致"
"泰州德康电机铁塔资源点","ZDBZD-JS-2018-1018812","321200","2024-06","1001.858250","746.990000","30","NULL","NULL","NULL","NORMAL","NONE","33.400000","NA","NULL","NULL","2023-06","32.924333","61.552000","NULL","NULL","NULL","NULL","NORMAL","0.000000","39.370000","2024-05","32.807960","61.552000","61.680000","61.680000","NULL","1.000000","NORMAL","0.000000","1846.560000","NORMAL","NORMAL","NORMAL","MATCH","0.000000","MATCH","0.000000","MATCH","0.000000","一致"
"泰州德康电机铁塔资源点","ZDBZD-JS-2018-1018812","321200","2024-07","1121.211000","832.840000","31","NULL","NULL","NULL","NORMAL","NONE","36.170000","NA","NULL","NULL","2023-07","32.278710","61.680000","NULL","NULL","NULL","NULL","NORMAL","0.000000","40.160000","2024-06","33.395275","61.680000","61.552000","57.840000","NULL","1.002080","NORMAL","0.000000","1912.080000","NORMAL","NORMAL","NORMAL","MATCH","0.000000","MATCH","0.000000","MATCH","0.000000","一致"
"泰州德康电机铁塔资源点","ZDBZD-JS-2018-1018812","321200","2024-08","1178.325125","938.060000","31","NULL","NULL","NULL","NORMAL","NONE","38.010000","NA","NULL","NULL","2023-08","33.783871","61.680000","NULL","NULL","NULL","NULL","NORMAL","0.000000","43.400000","2024-07","36.168097","61.680000","61.680000","61.680000","NULL","1.000000","NORMAL","0.000000","1912.080000","NORMAL","NORMAL","NORMAL","MATCH","0.000000","MATCH","0.000000","MATCH","0.000000","一致"
"泰州德康电机铁塔资源点","ZDBZD-JS-2018-1018812","321200","2024-09","1082.546000","861.810000","30","NULL","NULL","NULL","NORMAL","NONE","36.080000","NA","NULL","NULL","2023-09","31.507333","61.680000","NULL","NULL","NULL","NULL","NORMAL","0.000000","45.610000","2024-08","38.010488","61.680000","61.680000","61.680000","NULL","1.000000","NORMAL","0.000000","1850.400000","NORMAL","NORMAL","NORMAL","MATCH","0.000000","MATCH","0.000000","MATCH","0.000000","一致"
"泰州德康电机铁塔资源点","ZDBZD-JS-2018-1018812","321200","2024-10","1052.820000","787.510000","31","0.410000","NULL","NULL","NORMAL","NONE","33.960000","NA","NULL","NULL","2023-10","28.183871","61.680000","NULL","NULL","NULL","NULL","NORMAL","0.000000","43.300000","2024-09","36.084867","61.680000","61.680000","61.680000","NULL","1.000000","NORMAL","0.000000","1912.080000","OVER_LIMIT","NORMAL","NORMAL","MISMATCH","0.410000","MATCH","0.000000","MATCH","0.000000","同比外部为超标但系统未超标，优先检查参考账期、审核通过和标杆 A/B"
"泰州德康电机铁塔资源点","ZDBZD-JS-2018-1018812","321200","2024-11","1009.240000","759.140000","30","2.840000","NULL","NULL","NORMAL","NONE","33.640000","NA","NULL","NULL","2023-11","27.255667","61.313600","NULL","NULL","NULL","NULL","NORMAL","0.000000","40.750000","2024-10","33.961935","61.313600","61.680000","61.680000","NULL","1.000000","NORMAL","0.000000","1839.408000","OVER_LIMIT","NORMAL","NORMAL","MISMATCH","2.840000","MATCH","0.000000","MATCH","0.000000","同比外部为超标但系统未超标，优先检查参考账期、审核通过和标杆 A/B"
"泰州德康电机铁塔资源点","ZDBZD-JS-2018-1018812","321200","2024-12","1025.960000","776.140000","31","2.030000","NULL","NULL","NORMAL","NONE","33.100000","NA","NULL","NULL","2023-12","27.034194","59.428645","NULL","NULL","NULL","NULL","NORMAL","0.000000","40.370000","2024-11","33.641333","59.428645","61.313600","61.680000","NULL","1.000000","NORMAL","0.000000","1842.288000","OVER_LIMIT","NORMAL","NORMAL","MISMATCH","2.030000","MATCH","0.000000","MATCH","0.000000","同比外部为超标但系统未超标，优先检查参考账期、审核通过和标杆 A/B"
"泰州德康电机铁塔资源点","ZDBZD-JS-2018-1018812","321200","2025-01","1050.260000","797.860000","31","NULL","NULL","NULL","NORMAL","NONE","33.880000","NORMAL","0.000000","39.860000","2024-01","33.220323","50.688000","61.697032","61.680000","NULL","1.000000","NORMAL","0.000000","39.710000","2024-12","33.095484","50.688000","59.428645","61.680000","NULL","1.000000","NORMAL","0.000000","1571.328000","NORMAL","NORMAL","NORMAL","MATCH","0.000000","MATCH","0.000000","MATCH","0.000000","一致"
"泰州德康电机铁塔资源点","ZDBZD-JS-2018-1018812","321200","2025-02","914.700000","676.420000","28","NULL","NULL","NULL","NORMAL","NONE","32.670000","NORMAL","0.000000","40.940000","2024-02","34.113362","50.688000","61.680000","61.680000","NULL","1.000000","NORMAL","0.000000","40.660000","2025-01","33.879355","50.688000","50.688000","50.688000","NULL","1.000000","NORMAL","0.000000","1419.264000","NORMAL","NORMAL","NORMAL","MATCH","0.000000","MATCH","0.000000","MATCH","0.000000","一致"
"泰州德康电机铁塔资源点","ZDBZD-JS-2018-1018812","321200","2025-03","1026.970000","740.860000","31","NULL","NULL","NULL","NORMAL","NONE","33.130000","NORMAL","0.000000","40.740000","2024-03","33.951827","50.564129","61.680000","61.680000","NULL","1.000000","NORMAL","0.000000","39.200000","2025-02","32.667857","50.564129","50.688000","50.688000","NULL","1.000000","NORMAL","0.000000","1567.488000","NORMAL","NORMAL","NORMAL","MATCH","0.000000","MATCH","0.000000","MATCH","0.000000","一致"
"泰州德康电机铁塔资源点","ZDBZD-JS-2018-1018812","321200","2025-04","1033.350000","738.540000","30","NULL","NULL","NULL","NORMAL","NONE","34.440000","NORMAL","0.000000","39.970000","2024-04","33.310792","50.688000","61.680000","61.680000","NULL","1.000000","NORMAL","0.000000","39.850000","2025-03","33.128065","50.688000","50.564129","50.688000","NULL","1.002450","NORMAL","0.000000","1520.640000","NORMAL","NORMAL","NORMAL","MATCH","0.000000","MATCH","0.000000","MATCH","0.000000","一致"
"泰州德康电机铁塔资源点","ZDBZD-JS-2018-1018812","321200","2025-05","1086.760000","782.360000","31","NULL","NULL","NULL","NORMAL","NONE","35.060000","NORMAL","0.000000","39.370000","2024-05","32.807960","50.688000","61.680000","61.680000","NULL","1.000000","NORMAL","0.000000","41.330000","2025-04","34.445000","50.688000","50.688000","50.688000","NULL","1.000000","NORMAL","0.000000","1571.328000","NORMAL","NORMAL","NORMAL","MATCH","0.000000","MATCH","0.000000","MATCH","0.000000","一致"
"泰州德康电机铁塔资源点","ZDBZD-JS-2018-1018812","321200","2025-06","1081.550000","771.900000","30","NULL","NULL","NULL","NORMAL","NONE","36.050000","NORMAL","0.000000","40.070000","2024-06","33.395275","50.688000","61.552000","57.840000","NULL","1.000000","NORMAL","0.000000","42.070000","2025-05","35.056774","50.688000","50.688000","50.688000","NULL","1.000000","NORMAL","0.000000","1520.640000","NORMAL","NORMAL","NORMAL","MATCH","0.000000","MATCH","0.000000","MATCH","0.000000","一致"
"泰州德康电机铁塔资源点","ZDBZD-JS-2018-1018812","321200","2025-07","1159.030000","873.330000","31","NULL","NULL","NULL","NORMAL","NONE","37.390000","NORMAL","0.000000","43.400000","2024-07","36.168097","50.688000","61.680000","61.680000","NULL","1.000000","NORMAL","0.000000","43.260000","2025-06","36.051667","50.688000","50.688000","50.688000","NULL","1.000000","NORMAL","0.000000","1571.328000","NORMAL","NORMAL","NORMAL","MATCH","0.000000","MATCH","0.000000","MATCH","0.000000","一致"
"泰州德康电机铁塔资源点","ZDBZD-JS-2018-1018812","321200","2025-08","1128.670000","854.520000","31","NULL","NULL","NULL","NORMAL","NONE","36.410000","NORMAL","0.000000","45.610000","2024-08","38.010488","50.688000","61.680000","61.680000","NULL","1.000000","NORMAL","0.000000","44.870000","2025-07","37.388065","50.688000","50.688000","50.688000","NULL","1.000000","NORMAL","0.000000","1571.328000","NORMAL","NORMAL","NORMAL","MATCH","0.000000","MATCH","0.000000","MATCH","0.000000","一致"
"泰州德康电机铁塔资源点","ZDBZD-JS-2018-1018812","321200","2025-09","1040.910000","760.280000","30","NULL","NULL","NULL","NORMAL","NONE","34.700000","NORMAL","0.000000","43.300000","2024-09","36.084867","50.688000","61.680000","61.680000","NULL","1.000000","NORMAL","0.000000","43.690000","2025-08","36.408710","50.688000","50.688000","50.688000","NULL","1.000000","NORMAL","0.000000","1520.640000","NORMAL","NORMAL","NORMAL","MATCH","0.000000","MATCH","0.000000","MATCH","0.000000","一致"
"泰州德康电机铁塔资源点","ZDBZD-JS-2018-1018812","321200","2025-10","1048.970000","745.820000","31","NULL","NULL","NULL","NORMAL","NONE","33.840000","NORMAL","0.000000","40.750000","2024-10","33.961935","50.316387","61.680000","61.680000","NULL","1.000000","NORMAL","0.000000","41.640000","2025-09","34.697000","50.316387","50.688000","50.688000","NULL","1.000000","NORMAL","0.000000","1559.808000","NORMAL","NORMAL","NORMAL","MATCH","0.000000","MATCH","0.000000","MATCH","0.000000","一致"
"泰州德康电机铁塔资源点","ZDBZD-JS-2018-1018812","321200","2025-11","994.380000","714.860000","30","NULL","NULL","NULL","NORMAL","NONE","33.150000","NORMAL","0.000000","40.370000","2024-11","33.641333","50.688000","61.313600","61.680000","NULL","1.000000","NORMAL","0.000000","40.910000","2025-10","33.837742","50.688000","50.316387","50.688000","NULL","1.007386","NORMAL","0.000000","1520.640000","NORMAL","NORMAL","NORMAL","MATCH","0.000000","MATCH","0.000000","MATCH","0.000000","一致"
"泰州德康电机铁塔资源点","ZDBZD-JS-2018-1018812","321200","2025-12","1027.570000","739.570000","31","NULL","NULL","NULL","NORMAL","NONE","33.150000","NORMAL","0.000000","39.710000","2024-12","33.095484","48.068129","59.428645","61.680000","NULL","1.000000","NORMAL","0.000000","39.780000","2025-11","33.146000","48.068129","50.688000","50.688000","NULL","1.000000","NORMAL","0.000000","1490.112000","NORMAL","NORMAL","NORMAL","MATCH","0.000000","MATCH","0.000000","MATCH","0.000000","一致"
"泰州德康电机铁塔资源点","ZDBZD-JS-2018-1018812","321200","2026-01","1030.950000","713.560000","31","NULL","NULL","NULL","NORMAL","NONE","33.260000","NORMAL","0.000000","40.660000","2025-01","33.879355","48.393290","50.688000","50.688000","NULL","1.000000","NORMAL","0.000000","40.050000","2025-12","33.147419","48.393290","48.068129","50.688000","NULL","1.006765","NORMAL","0.000000","1500.192000","NORMAL","NORMAL","NORMAL","MATCH","0.000000","MATCH","0.000000","MATCH","0.000000","一致"
"泰州德康电机铁塔资源点","ZDBZD-JS-2018-1018812","321200","2026-02","927.640000","652.890000","28","NULL","NULL","NULL","NORMAL","NONE","33.130000","NORMAL","0.000000","39.200000","2025-02","32.667857","50.585143","50.688000","50.688000","NULL","1.000000","NORMAL","0.000000","41.720000","2026-01","33.256452","50.585143","48.393290","50.688000","NULL","1.045292","NORMAL","0.000000","1416.384000","NORMAL","NORMAL","NORMAL","MATCH","0.000000","MATCH","0.000000","MATCH","0.000000","一致"
"泰州德康电机铁塔资源点","ZDBZD-JS-2018-1018812","321200","2026-03","1017.450000","679.190000","31","NULL","NULL","NULL","NORMAL","NONE","32.820000","NORMAL","0.000000","39.850000","2025-03","33.128065","50.688000","50.564129","50.688000","NULL","1.002450","NORMAL","0.000000","39.840000","2026-02","33.130000","50.688000","50.585143","50.400000","NULL","1.002033","NORMAL","0.000000","1571.328000","NORMAL","NORMAL","NORMAL","MATCH","0.000000","MATCH","0.000000","MATCH","0.000000","一致"
"泰州德康电机铁塔资源点","ZDBZD-JS-2018-1018812","321200","2026-04","973.230000","632.470000","30","NULL","NULL","NULL","NORMAL","NONE","32.440000","NORMAL","0.000000","41.330000","2025-04","34.445000","50.688000","50.688000","50.688000","NULL","1.000000","NORMAL","0.000000","39.390000","2026-03","32.820968","50.688000","50.688000","50.688000","NULL","1.000000","NORMAL","0.000000","1520.640000","NORMAL","NORMAL","NORMAL","MATCH","0.000000","MATCH","0.000000","MATCH","0.000000","一致"
"泰州德康电机铁塔资源点","ZDBZD-JS-2018-1018812","321200","2026-05","1024.380000","675.790000","31","NULL","NULL","NULL","NORMAL","NONE","33.040000","NORMAL","0.000000","42.070000","2025-05","35.056774","50.688000","50.688000","50.688000","NULL","1.000000","NORMAL","0.000000","38.930000","2026-04","32.441000","50.688000","50.688000","50.688000","NULL","1.000000","NORMAL","0.000000","1571.328000","NORMAL","NORMAL","NORMAL","MATCH","0.000000","MATCH","0.000000","MATCH","0.000000","一致"
"泰州德康电机铁塔资源点","ZDBZD-JS-2018-1018812","321200","2026-06","1007.940000","676.490000","30","NULL","NULL","NULL","NORMAL","NONE","33.600000","NORMAL","0.000000","43.260000","2025-06","36.051667","50.688000","50.688000","50.688000","NULL","1.000000","NORMAL","0.000000","39.650000","2026-05","33.044516","50.688000","50.688000","50.688000","NULL","1.000000","NORMAL","0.000000","1520.640000","NORMAL","NORMAL","NORMAL","MATCH","0.000000","MATCH","0.000000","MATCH","0.000000","一致"
"陈堡花沈搬迁","ZDBZD-JS-2019-103102","321200","2024-01","1010.300000","747.620000","31","1.380000","NULL","NULL","NORMAL","NONE","32.590000","NA","NULL","NULL","2023-01","23.418065","72.480000","NULL","NULL","NULL","NULL","NA","NULL","NULL","2023-12","32.830645","72.480000","NULL","NULL","NULL","NULL","NORMAL","0.000000","2246.880000","OVER_LIMIT","NORMAL","NORMAL","MISMATCH","1.380000","MATCH","0.000000","MATCH","0.000000","同比外部为超标但系统未超标，优先检查参考账期、审核通过和标杆 A/B"
"陈堡花沈搬迁","ZDBZD-JS-2019-103102","321200","2024-02","1023.480000","769.660000","29","17.810000","NULL","NULL","NORMAL","NONE","35.290000","NA","NULL","NULL","2023-02","21.822143","72.480000","NULL","NULL","NULL","NULL","NORMAL","0.000000","39.110000","2024-01","32.590323","72.480000","72.480000","72.480000","NULL","1.000000","NORMAL","0.000000","2101.920000","OVER_LIMIT","NORMAL","NORMAL","MISMATCH","17.810000","MATCH","0.000000","MATCH","0.000000","同比外部为超标但系统未超标，优先检查参考账期、审核通过和标杆 A/B"
"陈堡花沈搬迁","ZDBZD-JS-2019-103102","321200","2024-03","1040.410000","813.600000","31","10.970000","NULL","NULL","NORMAL","NONE","33.560000","NA","NULL","NULL","2023-03","22.032258","72.480000","NULL","NULL","NULL","NULL","NORMAL","0.000000","42.350000","2024-02","35.292414","72.480000","72.480000","72.480000","NULL","1.000000","NORMAL","0.000000","2246.880000","OVER_LIMIT","NORMAL","NORMAL","MISMATCH","10.970000","MATCH","0.000000","MATCH","0.000000","同比外部为超标但系统未超标，优先检查参考账期、审核通过和标杆 A/B"
"陈堡花沈搬迁","ZDBZD-JS-2019-103102","321200","2024-04","1051.360000","816.900000","30","NULL","NULL","NULL","NORMAL","NONE","35.050000","NA","NULL","NULL","2023-04","27.715667","72.480000","NULL","NULL","NULL","NULL","NORMAL","0.000000","40.270000","2024-03","33.561613","72.480000","72.480000","72.480000","NULL","1.000000","NORMAL","0.000000","2174.400000","NORMAL","NORMAL","NORMAL","MATCH","0.000000","MATCH","0.000000","MATCH","0.000000","一致"
"陈堡花沈搬迁","ZDBZD-JS-2019-103102","321200","2024-05","1089.020000","828.060000","31","NULL","NULL","NULL","NORMAL","NONE","35.130000","NA","NULL","NULL","2023-05","41.016452","71.563148","NULL","NULL","NULL","NULL","NORMAL","0.000000","42.050000","2024-04","35.045333","71.563148","72.480000","72.480000","NULL","1.000000","NORMAL","0.000000","2218.457600","NORMAL","NORMAL","NORMAL","MATCH","0.000000","MATCH","0.000000","MATCH","0.000000","一致"
"陈堡花沈搬迁","ZDBZD-JS-2019-103102","321200","2024-06","1118.920000","834.350000","30","NULL","NULL","NULL","NORMAL","NONE","37.300000","NA","NULL","NULL","2023-06","45.496333","40.800000","NULL","NULL","NULL","NULL","NORMAL","0.000000","42.160000","2024-05","35.129677","40.800000","71.563148","72.480000","NULL","1.000000","NORMAL","0.000000","1224.000000","NORMAL","NORMAL","NORMAL","MATCH","0.000000","MATCH","0.000000","MATCH","0.000000","一致"
"陈堡花沈搬迁","ZDBZD-JS-2019-103102","321200","2024-07","1622.550000","1205.230000","31","NULL","16.930000","473.910000","OVER_LIMIT","MULTIPLE","52.340000","NA","NULL","NULL","2023-07","49.723226","9.120000","NULL","NULL","NULL","NULL","OVER_LIMIT","16.934763","44.760000","2024-06","37.297333","9.120000","40.800000","72.480000","16.943125","1.000000","OVER_LIMIT","473.907046","282.720000","NORMAL","OVER_LIMIT","OVER_LIMIT","MATCH","0.000000","MATCH","0.004763","MATCH","0.002954","一致"
"陈堡花沈搬迁","ZDBZD-JS-2019-103102","321200","2024-08","1664.630000","1252.970000","31","NULL","NULL","488.790000","OVER_LIMIT","ONLY_RATED","53.700000","NA","NULL","NULL","2023-08","51.236452","9.120000","NULL","NULL","NULL","NULL","NORMAL","0.000000","62.810000","2024-07","52.340323","9.120000","9.120000","9.120000","NULL","1.000000","OVER_LIMIT","488.791030","282.720000","NORMAL","NORMAL","OVER_LIMIT","MATCH","0.000000","MATCH","0.000000","MATCH","0.001030","一致"
"陈堡花沈搬迁","ZDBZD-JS-2019-103102","321200","2024-09","1030.810000","778.130000","30","NULL","NULL","20.040000","OVER_LIMIT","ONLY_RATED","34.360000","NA","NULL","NULL","2023-09","43.153333","28.624000","NULL","NULL","NULL","NULL","NORMAL","0.000000","202.240000","2024-08","53.697742","28.624000","9.120000","9.120000","NULL","3.138596","OVER_LIMIT","20.040293","858.720000","NORMAL","NORMAL","OVER_LIMIT","MATCH","0.000000","MATCH","0.000000","MATCH","0.000293","一致"
"陈堡花沈搬迁","ZDBZD-JS-2019-103102","321200","2024-10","1331.460000","995.680000","31","NULL","NULL","NULL","NORMAL","NONE","42.950000","NA","NULL","NULL","2023-10","39.012581","47.619200","NULL","NULL","NULL","NULL","NORMAL","0.000000","68.590000","2024-09","34.360333","47.619200","28.624000","9.120000","NULL","1.663611","NORMAL","0.000000","1476.195200","NORMAL","NORMAL","NORMAL","MATCH","0.000000","MATCH","0.000000","MATCH","0.000000","一致"
"陈堡花沈搬迁","ZDBZD-JS-2019-103102","321200","2024-11","1296.710000","975.290000","30","NULL","NULL","7.300000","OVER_LIMIT","ONLY_RATED","43.220000","NA","NULL","NULL","2023-11","38.889667","40.284000","NULL","NULL","NULL","NULL","NORMAL","0.000000","51.540000","2024-10","42.950323","40.284000","47.619200","47.619200","NULL","1.000000","OVER_LIMIT","7.297355","1208.520000","NORMAL","NORMAL","OVER_LIMIT","MATCH","0.000000","MATCH","0.000000","MATCH","0.002645","一致"
"陈堡花沈搬迁","ZDBZD-JS-2019-103102","321200","2024-12","1325.810000","1002.900000","31","8.550000","NULL","14.530000","OVER_LIMIT","ONLY_RATED","42.770000","NA","NULL","NULL","2023-12","32.830645","37.343032","NULL","NULL","NULL","NULL","NORMAL","0.000000","51.870000","2024-11","43.223667","37.343032","40.284000","40.284000","NULL","1.000000","OVER_LIMIT","14.527562","1157.634000","OVER_LIMIT","NORMAL","OVER_LIMIT","MISMATCH","8.550000","MATCH","0.000000","MATCH","0.002438","同比外部为超标但系统未超标，优先检查参考账期、审核通过和标杆 A/B"
"陈堡花沈搬迁","ZDBZD-JS-2019-103102","321200","2025-01","1408.740000","1070.110000","31","16.190000","NULL","28.900000","OVER_LIMIT","MULTIPLE","45.440000","OVER_LIMIT","16.185119","39.110000","2024-01","32.590323","35.254400","72.480000","72.480000","16.189909","1.000000","NORMAL","0.000000","51.320000","2024-12","42.768065","35.254400","37.343032","37.422000","NULL","1.000000","OVER_LIMIT","28.900863","1092.886400","OVER_LIMIT","NORMAL","OVER_LIMIT","MATCH","0.004881","MATCH","0.000000","MATCH","0.000863","一致"
"陈堡花沈搬迁","ZDBZD-JS-2019-103102","321200","2025-02","1215.750000","899.170000","28","2.530000","NULL","9.820000","OVER_LIMIT","MULTIPLE","43.420000","OVER_LIMIT","2.526564","42.350000","2024-02","35.292414","39.536800","72.480000","72.480000","2.524393","1.000000","NORMAL","0.000000","61.160000","2025-01","45.443226","39.536800","35.254400","35.254400","NULL","1.121471","OVER_LIMIT","9.820832","1107.030400","OVER_LIMIT","NORMAL","OVER_LIMIT","MATCH","0.003436","MATCH","0.000000","MATCH","0.000832","一致"
"陈堡花沈搬迁","ZDBZD-JS-2019-103102","321200","2025-03","1370.690000","989.370000","31","9.810000","NULL","9.900000","OVER_LIMIT","MULTIPLE","44.220000","OVER_LIMIT","9.808791","40.270000","2024-03","33.561613","40.230968","72.480000","72.480000","9.798060","1.000000","NORMAL","0.000000","53.020000","2025-02","43.419643","40.230968","39.536800","39.536800","NULL","1.017558","OVER_LIMIT","9.904904","1247.160000","OVER_LIMIT","NORMAL","OVER_LIMIT","MATCH","0.001209","MATCH","0.000000","MATCH","0.004904","一致"
"陈堡花沈搬迁","ZDBZD-JS-2019-103102","321200","2025-04","1316.170000","940.930000","30","4.330000","NULL","4.470000","OVER_LIMIT","MULTIPLE","43.870000","OVER_LIMIT","4.328181","42.050000","2024-04","35.045333","41.996000","72.480000","72.480000","4.317266","1.000000","NORMAL","0.000000","55.390000","2025-03","44.215806","41.996000","40.230968","40.512000","NULL","1.043872","OVER_LIMIT","4.467886","1259.880000","OVER_LIMIT","NORMAL","OVER_LIMIT","MATCH","0.001819","MATCH","0.000000","MATCH","0.002114","一致"
"陈堡花沈搬迁","ZDBZD-JS-2019-103102","321200","2025-05","1426.080000","1026.920000","31","9.110000","NULL","5.390000","OVER_LIMIT","MULTIPLE","46.000000","OVER_LIMIT","9.108159","42.160000","2024-05","35.129677","43.649600","71.563148","72.480000","9.119515","1.000000","NORMAL","0.000000","54.720000","2025-04","43.872333","43.649600","41.996000","41.996000","NULL","1.039375","OVER_LIMIT","5.390612","1353.137600","OVER_LIMIT","NORMAL","OVER_LIMIT","MATCH","0.001841","MATCH","0.000000","MATCH","0.000612","一致"
"陈堡花沈搬迁","ZDBZD-JS-2019-103102","321200","2025-06","1406.560000","1003.870000","30","NULL","NULL","NULL","NORMAL","NONE","46.890000","NORMAL","0.000000","56.840000","2024-06","37.297333","51.811600","40.800000","72.480000","NULL","1.269892","NORMAL","0.000000","65.530000","2025-05","46.002581","51.811600","43.649600","43.649600","NULL","1.186989","NORMAL","0.000000","1554.348000","NORMAL","NORMAL","NORMAL","MATCH","0.000000","MATCH","0.000000","MATCH","0.000000","一致"
"陈堡花沈搬迁","ZDBZD-JS-2019-103102","321200","2025-07","1497.850000","1128.630000","31","NULL","NULL","NULL","NORMAL","NONE","48.320000","NORMAL","0.000000","408.470000","2024-07","52.340323","59.310968","9.120000","9.120000","NULL","6.503396","NORMAL","0.000000","64.410000","2025-06","46.885333","59.310968","51.811600","51.811600","NULL","1.144743","NORMAL","0.000000","1838.640000","NORMAL","NORMAL","NORMAL","MATCH","0.000000","MATCH","0.000000","MATCH","0.000000","一致"
"陈堡花沈搬迁","ZDBZD-JS-2019-103102","321200","2025-08","1380.270000","1045.140000","31","NULL","NULL","NULL","NORMAL","NONE","44.520000","NORMAL","0.000000","421.050000","2024-08","53.697742","59.592000","9.120000","9.120000","NULL","6.534211","NORMAL","0.000000","58.260000","2025-07","48.317742","59.592000","59.310968","59.592000","NULL","1.004738","NORMAL","0.000000","1847.352000","NORMAL","NORMAL","NORMAL","MATCH","0.000000","MATCH","0.000000","MATCH","0.000000","一致"
"陈堡花沈搬迁","ZDBZD-JS-2019-103102","321200","2025-09","1523.550000","1112.960000","30","NULL","NULL","NULL","NORMAL","NONE","50.780000","NORMAL","0.000000","76.680000","2024-09","34.360333","53.232000","28.624000","9.120000","NULL","1.859698","NORMAL","0.000000","53.430000","2025-08","44.524839","53.232000","59.592000","59.592000","NULL","1.000000","NORMAL","0.000000","1596.960000","NORMAL","NORMAL","NORMAL","MATCH","0.000000","MATCH","0.000000","MATCH","0.000000","一致"
"陈堡花沈搬迁","ZDBZD-JS-2019-103102","321200","2025-10","1478.380000","1050.980000","31","NULL","NULL","1.010000","OVER_LIMIT","ONLY_RATED","47.690000","NORMAL","0.000000","51.540000","2024-10","42.950323","47.211200","47.619200","47.619200","NULL","1.000000","NORMAL","0.000000","60.940000","2025-09","50.785000","47.211200","53.232000","53.232000","NULL","1.000000","OVER_LIMIT","1.013483","1463.547200","NORMAL","NORMAL","OVER_LIMIT","MATCH","0.000000","MATCH","0.000000","MATCH","0.003483","一致"
"陈堡花沈搬迁","ZDBZD-JS-2019-103102","321200","2025-11","1357.690000","968.500000","30","NULL","NULL","13.490000","OVER_LIMIT","ONLY_RATED","45.260000","NORMAL","0.000000","51.870000","2024-11","43.223667","39.876000","40.284000","40.284000","NULL","1.000000","NORMAL","0.000000","57.230000","2025-10","47.689677","39.876000","47.211200","47.211200","NULL","1.000000","OVER_LIMIT","13.492661","1196.280000","NORMAL","NORMAL","OVER_LIMIT","MATCH","0.000000","MATCH","0.000000","MATCH","0.002661","一致"
"陈堡花沈搬迁","ZDBZD-JS-2019-103102","321200","2025-12","1471.950000","1045.870000","31","NULL","NULL","30.260000","OVER_LIMIT","ONLY_RATED","47.480000","NORMAL","0.000000","51.320000","2024-12","42.768065","36.451935","37.343032","37.422000","NULL","1.000000","NORMAL","0.000000","54.310000","2025-11","45.256333","36.451935","39.876000","39.876000","NULL","1.000000","OVER_LIMIT","30.259909","1130.010000","NORMAL","NORMAL","OVER_LIMIT","MATCH","0.000000","MATCH","0.000000","MATCH","0.000091","一致"
"陈堡花沈搬迁","ZDBZD-JS-2019-103102","321200","2026-01","1367.400000","940.000000","31","NULL","NULL","27.260000","OVER_LIMIT","ONLY_RATED","44.110000","NORMAL","0.000000","54.530000","2025-01","45.443226","34.661600","35.254400","35.254400","NULL","1.000000","NORMAL","0.000000","56.980000","2025-12","47.482258","34.661600","36.451935","37.014000","NULL","1.000000","OVER_LIMIT","27.258053","1074.509600","NORMAL","NORMAL","OVER_LIMIT","MATCH","0.000000","MATCH","0.000000","MATCH","0.001947","一致"
"陈堡花沈搬迁","ZDBZD-JS-2019-103102","321200","2026-02","1281.040000","903.700000","28","NULL","NULL","15.790000","OVER_LIMIT","ONLY_RATED","45.750000","NORMAL","0.000000","52.100000","2025-02","43.419643","39.511086","39.536800","39.536800","NULL","1.000000","NORMAL","0.000000","60.340000","2026-01","44.109677","39.511086","34.661600","35.254400","NULL","1.139909","OVER_LIMIT","15.793904","1106.310400","NORMAL","NORMAL","OVER_LIMIT","MATCH","0.000000","MATCH","0.000000","MATCH","0.003904","一致"
"陈堡花沈搬迁","ZDBZD-JS-2019-103102","321200","2026-03","1357.710000","908.550000","31","NULL","NULL","8.110000","OVER_LIMIT","ONLY_RATED","43.800000","NORMAL","0.000000","53.430000","2025-03","44.215806","40.512000","40.230968","40.512000","NULL","1.006985","NORMAL","0.000000","56.290000","2026-02","45.751429","40.512000","39.511086","39.464800","NULL","1.025332","OVER_LIMIT","8.108947","1255.872000","NORMAL","NORMAL","OVER_LIMIT","MATCH","0.000000","MATCH","0.000000","MATCH","0.001053","一致"
"陈堡花沈搬迁","ZDBZD-JS-2019-103102","321200","2026-04","1293.740000","844.290000","30","NULL","NULL","NULL","NORMAL","NONE","43.120000","NORMAL","0.000000","59.950000","2025-04","43.872333","47.823200","41.996000","41.996000","NULL","1.138756","NORMAL","0.000000","62.040000","2026-03","43.797097","47.823200","40.512000","40.512000","NULL","1.180470","NORMAL","0.000000","1434.696000","NORMAL","NORMAL","NORMAL","MATCH","0.000000","MATCH","0.000000","MATCH","0.000000","一致"
"陈堡花沈搬迁","ZDBZD-JS-2019-103102","321200","2026-05","1356.620000","898.750000","31","NULL","NULL","NULL","NORMAL","NONE","43.760000","NORMAL","0.000000","121.550000","2025-05","46.002581","96.113600","43.649600","43.649600","NULL","2.201935","NORMAL","0.000000","104.000000","2026-04","43.124667","96.113600","47.823200","41.996000","NULL","2.009769","NORMAL","0.000000","2979.521600","NORMAL","NORMAL","NORMAL","MATCH","0.000000","MATCH","0.000000","MATCH","0.000000","一致"
"陈堡花沈搬迁","ZDBZD-JS-2019-103102","321200","2026-06","1331.910000","895.970000","30","NULL","NULL","NULL","NORMAL","NONE","44.400000","NORMAL","0.000000","113.230000","2025-06","46.885333","104.275600","51.811600","51.811600","NULL","2.012592","NORMAL","0.000000","56.970000","2026-05","43.761935","104.275600","96.113600","96.113600","NULL","1.084920","NORMAL","0.000000","3128.268000","NORMAL","NORMAL","NORMAL","MATCH","0.000000","MATCH","0.000000","MATCH","0.000000","一致"
